"","Gender","Age","Stress_Level","Rapid_Heartbeat","Anxiety","Sleep_Problems","Anxiety_Level","Headaches","Irritation","Concentration_Problems","Low_Mood","Health_Issues","Loneliness","Academic_Workload","Peer_Competition","Relationship_Stress","Professor_Difficulty","Work_Environment","Lack_of_Leisure_Time","Home_Environment","Low_Academic_Confidence","Subject_Confidence","Activity_Conflict","Class_Attendance","Weight_Change","Stress_Type"
"1","0",20,3,4,2,5,1,2,1,2,2,3,1,5,1,2,3,1,4,1,2,1,3,1,2,"Eustress (Positive Stress) - Stress that motivates and enhances performance."
"2","0",20,2,3,2,1,1,1,1,4,2,1,2,1,2,4,3,2,1,1,3,2,1,4,2,"Eustress (Positive Stress) - Stress that motivates and enhances performance."
"3","0",20,5,4,2,2,1,3,4,2,3,2,3,4,5,2,2,2,2,1,4,1,1,2,1,"Eustress (Positive Stress) - Stress that motivates and enhances performance."
"4","1",20,3,4,3,2,2,3,4,3,5,2,4,1,2,3,1,1,2,1,2,1,1,5,3,"Eustress (Positive Stress) - Stress that motivates and enhances performance."
"5","0",20,3,3,3,2,2,4,4,4,4,1,1,1,2,1,2,3,1,2,2,4,2,2,2,"Eustress (Positive Stress) - Stress that motivates and enhances performance."
"6","0",20,3,4,3,2,3,3,4,1,3,1,2,2,3,2,2,3,1,2,3,2,4,4,4,"Eustress (Positive Stress) - Stress that motivates and enhances performance."
"7","0",20,2,2,1,4,4,3,4,1,3,4,2,1,3,4,4,4,2,3,4,3,3,3,2,"Eustress (Positive Stress) - Stress that motivates and enhances performance."
"8","0",20,5,5,5,2,4,2,1,1,2,2,4,1,2,1,1,4,2,4,3,1,1,1,5,"Eustress (Positive Stress) - Stress that motivates and enhances performance."
"9","0",20,3,2,1,5,3,5,1,1,2,3,2,3,3,4,4,4,2,4,4,3,1,5,1,"Eustress (Positive Stress) - Stress that motivates and enhances performance."
"10","0",21,3,4,2,1,1,2,1,2,3,4,3,2,2,1,1,1,1,1,1,1,2,4,2,"No Stress - Currently experiencing minimal to no stress."
"11","1",19,2,1,2,4,3,3,2,2,4,3,1,1,2,2,1,1,1,1,1,1,2,3,1,"No Stress - Currently experiencing minimal to no stress."
"12","1",20,5,3,2,4,2,3,4,2,4,4,3,1,5,3,5,1,1,1,1,1,2,3,1,"Eustress (Positive Stress) - Stress that motivates and enhances performance."
"13","0",20,3,4,2,2,1,2,1,1,1,1,1,1,3,2,2,4,3,5,3,2,3,3,2,"Eustress (Positive Stress) - Stress that motivates and enhances performance."
"14","0",18,3,2,2,3,2,3,4,1,1,1,1,2,3,1,4,2,1,3,5,4,4,1,2,"Eustress (Positive Stress) - Stress that motivates and enhances performance."
"15","0",20,5,2,2,2,3,2,1,1,1,1,1,5,2,2,3,2,2,1,1,1,1,4,1,"Eustress (Positive Stress) - Stress that motivates and enhances performance."
"16","1",19,4,4,3,5,1,2,2,3,5,3,2,1,2,3,3,4,1,2,3,2,2,2,3,"Eustress (Positive Stress) - Stress that motivates and enhances performance."
"17","0",18,3,2,1,1,1,5,3,1,3,5,4,2,1,3,4,3,3,3,4,4,1,2,3,"Eustress (Positive Stress) - Stress that motivates and enhances performance."
"18","0",19,4,5,4,4,2,3,2,2,1,1,1,1,1,2,3,3,1,2,3,1,3,5,3,"Eustress (Positive Stress) - Stress that motivates and enhances performance."
"19","1",18,1,1,4,4,3,3,1,1,2,3,2,5,5,5,5,5,5,5,5,5,3,3,2,"Eustress (Positive Stress) - Stress that motivates and enhances performance."
"20","0",19,3,4,1,4,2,2,2,3,3,4,4,1,3,1,1,2,1,1,1,2,2,2,1,"Eustress (Positive Stress) - Stress that motivates and enhances performance."
"21","0",18,3,4,2,2,1,2,3,1,2,3,1,1,4,3,5,3,3,3,3,3,3,4,1,"Eustress (Positive Stress) - Stress that motivates and enhances performance."
"22","1",20,1,2,2,4,3,1,4,5,5,5,5,5,4,4,2,3,1,1,4,1,1,3,2,"Eustress (Positive Stress) - Stress that motivates and enhances performance."
"23","1",19,2,3,3,2,1,1,1,1,1,1,2,1,1,2,3,3,3,3,3,4,3,4,1,"Eustress (Positive Stress) - Stress that motivates and enhances performance."
"24","0",19,2,2,2,3,3,2,4,3,3,3,3,2,2,5,4,3,3,3,3,1,3,5,3,"Eustress (Positive Stress) - Stress that motivates and enhances performance."
"25","0",18,5,5,3,4,4,3,2,1,1,4,1,1,3,5,5,5,5,5,5,1,4,3,2,"Eustress (Positive Stress) - Stress that motivates and enhances performance."
"26","1",19,1,1,2,3,4,3,2,3,3,3,4,1,1,2,4,3,1,2,3,1,1,3,2,"Eustress (Positive Stress) - Stress that motivates and enhances performance."
"27","0",19,3,4,1,3,3,4,2,3,3,3,1,1,3,2,5,3,3,3,5,5,3,3,3,"Eustress (Positive Stress) - Stress that motivates and enhances performance."
"28","0",19,3,4,2,4,4,4,4,5,5,5,1,5,2,5,3,5,2,5,5,5,1,3,3,"Distress (Negative Stress) - Stress that causes anxiety and impairs well-being."
"29","0",21,4,4,4,4,4,5,3,1,2,3,1,1,2,1,3,1,3,2,2,2,2,2,2,"Eustress (Positive Stress) - Stress that motivates and enhances performance."
"30","1",19,3,2,2,2,2,3,3,3,3,5,5,1,2,1,3,3,3,3,4,4,1,4,2,"Eustress (Positive Stress) - Stress that motivates and enhances performance."
"31","0",19,4,4,4,2,1,3,2,2,5,5,5,1,5,3,2,1,2,4,2,1,3,1,1,"Eustress (Positive Stress) - Stress that motivates and enhances performance."
"32","0",14,2,2,1,4,2,3,5,3,2,2,2,2,3,5,4,2,5,4,3,1,2,4,1,"Eustress (Positive Stress) - Stress that motivates and enhances performance."
"33","0",19,2,3,1,2,1,2,2,3,3,4,4,3,1,1,1,1,2,2,1,2,1,1,2,"No Stress - Currently experiencing minimal to no stress."
"34","0",19,5,4,3,4,3,4,3,4,2,4,3,3,2,3,2,5,1,2,1,5,1,2,3,"Eustress (Positive Stress) - Stress that motivates and enhances performance."
"35","1",17,3,3,4,4,3,4,5,2,1,4,4,4,3,3,2,2,3,2,2,3,4,3,2,"Eustress (Positive Stress) - Stress that motivates and enhances performance."
"36","0",20,4,3,3,1,3,4,4,4,2,1,2,2,2,1,1,1,1,3,2,1,2,2,3,"Eustress (Positive Stress) - Stress that motivates and enhances performance."
"37","0",21,4,4,2,4,5,5,4,5,4,4,4,4,4,3,4,3,4,4,3,3,2,5,2,"Distress (Negative Stress) - Stress that causes anxiety and impairs well-being."
"38","1",19,5,4,3,4,3,1,2,1,4,2,4,3,1,2,3,1,4,1,1,1,1,3,3,"Eustress (Positive Stress) - Stress that motivates and enhances performance."
"39","1",36,3,2,1,1,3,5,4,5,5,3,4,4,4,4,2,2,2,2,3,4,3,3,3,"Eustress (Positive Stress) - Stress that motivates and enhances performance."
"40","0",21,3,2,4,3,3,2,1,5,2,3,2,1,2,2,2,2,1,4,3,1,1,3,4,"Eustress (Positive Stress) - Stress that motivates and enhances performance."
"41","0",21,3,4,4,1,2,3,4,4,4,4,5,4,5,5,1,1,3,1,1,2,3,4,2,"Eustress (Positive Stress) - Stress that motivates and enhances performance."
"42","1",19,3,2,1,2,2,1,3,4,2,3,2,3,4,5,2,2,2,2,1,4,3,5,1,"Eustress (Positive Stress) - Stress that motivates and enhances performance."
"43","0",19,4,4,2,3,2,2,3,4,3,5,2,4,1,2,3,1,1,2,1,2,4,3,3,"Eustress (Positive Stress) - Stress that motivates and enhances performance."
"44","1",20,5,4,2,3,3,3,3,3,3,3,3,3,3,3,3,3,3,3,3,3,1,3,1,"Eustress (Positive Stress) - Stress that motivates and enhances performance."
"45","1",19,4,3,3,3,4,1,2,4,3,3,1,3,4,4,3,1,2,3,2,3,3,3,4,"Eustress (Positive Stress) - Stress that motivates and enhances performance."
"46","1",19,3,4,2,1,1,1,1,2,2,1,1,1,1,1,2,2,1,2,2,3,1,3,3,"No Stress - Currently experiencing minimal to no stress."
"47","1",19,4,4,3,5,5,5,5,5,5,5,5,5,5,5,5,5,5,5,5,5,2,2,3,"Distress (Negative Stress) - Stress that causes anxiety and impairs well-being."
"48","0",20,1,1,2,1,1,1,2,2,3,2,2,2,1,2,3,1,1,2,1,2,4,3,1,"No Stress - Currently experiencing minimal to no stress."
"49","0",22,5,2,2,2,3,2,2,2,1,2,3,1,1,2,1,2,1,2,1,2,5,5,2,"Eustress (Positive Stress) - Stress that motivates and enhances performance."
"50","0",19,4,4,2,2,2,2,5,2,2,2,2,2,1,2,2,2,3,3,1,1,3,4,2,"Eustress (Positive Stress) - Stress that motivates and enhances performance."
"51","1",19,4,5,4,2,2,2,1,2,5,3,2,3,2,2,2,1,1,3,5,2,1,3,2,"Eustress (Positive Stress) - Stress that motivates and enhances performance."
"52","1",19,3,2,2,2,2,2,2,2,3,4,2,4,2,2,2,2,1,3,3,2,5,5,1,"Eustress (Positive Stress) - Stress that motivates and enhances performance."
"53","1",18,4,2,5,2,2,2,2,3,3,1,2,3,2,2,2,2,2,2,2,2,3,5,3,"Eustress (Positive Stress) - Stress that motivates and enhances performance."
"54","1",28,2,2,1,2,2,3,3,2,2,1,2,1,2,2,3,2,2,2,1,1,4,5,3,"Eustress (Positive Stress) - Stress that motivates and enhances performance."
"55","0",19,3,4,2,3,3,2,3,3,2,2,3,4,3,4,4,3,3,2,2,2,2,5,5,"Eustress (Positive Stress) - Stress that motivates and enhances performance."
"56","0",20,4,3,2,1,4,2,2,4,4,4,2,1,2,1,1,2,1,5,1,1,5,1,5,"Eustress (Positive Stress) - Stress that motivates and enhances performance."
"57","0",20,4,4,4,4,1,2,2,2,2,1,1,3,2,3,1,2,2,5,4,3,1,3,4,"Eustress (Positive Stress) - Stress that motivates and enhances performance."
"58","0",19,5,5,2,4,4,4,4,2,3,1,1,1,1,5,4,1,1,5,1,2,5,5,2,"Eustress (Positive Stress) - Stress that motivates and enhances performance."
"59","0",19,4,3,2,1,1,2,2,5,4,3,1,1,2,1,3,1,2,5,3,2,4,4,2,"Eustress (Positive Stress) - Stress that motivates and enhances performance."
"60","0",21,4,2,3,2,1,5,4,3,3,4,4,3,3,2,3,3,3,2,1,1,5,4,3,"Eustress (Positive Stress) - Stress that motivates and enhances performance."
"61","0",41,2,1,4,2,4,1,1,4,3,3,1,3,3,1,1,2,1,5,1,2,2,4,2,"Eustress (Positive Stress) - Stress that motivates and enhances performance."
"62","1",18,3,3,3,3,1,2,1,4,4,2,4,3,2,3,1,2,2,3,4,1,5,5,2,"Eustress (Positive Stress) - Stress that motivates and enhances performance."
"63","1",21,2,2,5,2,1,2,2,5,4,3,4,3,2,2,4,1,1,1,2,3,1,4,1,"Eustress (Positive Stress) - Stress that motivates and enhances performance."
"64","1",32,4,3,1,3,1,4,3,3,2,1,1,1,2,5,1,1,1,1,2,1,3,2,4,"Eustress (Positive Stress) - Stress that motivates and enhances performance."
"65","1",20,3,2,3,2,2,2,2,3,2,4,3,3,2,4,4,4,2,2,3,4,4,3,2,"Eustress (Positive Stress) - Stress that motivates and enhances performance."
"66","1",21,4,2,3,1,2,2,1,3,4,4,1,3,3,2,1,1,1,1,2,3,4,4,2,"Eustress (Positive Stress) - Stress that motivates and enhances performance."
"67","0",19,2,2,3,2,3,3,4,3,2,1,2,5,4,3,1,2,2,3,2,1,2,2,1,"Eustress (Positive Stress) - Stress that motivates and enhances performance."
"68","0",19,2,2,3,4,1,4,4,4,4,2,2,3,2,3,4,2,5,2,2,3,2,5,5,"Eustress (Positive Stress) - Stress that motivates and enhances performance."
"69","0",19,5,5,5,2,3,3,1,5,4,2,1,3,2,3,1,2,2,3,4,3,5,3,1,"Eustress (Positive Stress) - Stress that motivates and enhances performance."
"70","0",20,3,2,3,4,2,5,5,4,3,3,5,3,3,3,1,2,3,2,1,1,2,5,3,"Eustress (Positive Stress) - Stress that motivates and enhances performance."
"71","0",19,4,3,3,4,4,1,4,4,1,1,2,3,2,2,2,2,1,1,2,1,5,3,2,"Eustress (Positive Stress) - Stress that motivates and enhances performance."
"72","0",18,3,2,2,2,2,1,1,1,1,1,5,5,5,5,5,5,5,3,2,3,4,5,2,"Eustress (Positive Stress) - Stress that motivates and enhances performance."
"73","1",18,3,4,4,2,3,5,2,1,5,4,3,3,1,3,3,1,3,2,3,3,3,3,2,"Eustress (Positive Stress) - Stress that motivates and enhances performance."
"74","0",37,3,2,3,4,5,5,5,4,5,4,4,2,4,3,2,3,4,3,2,2,4,3,5,"Distress (Negative Stress) - Stress that causes anxiety and impairs well-being."
"75","0",15,2,1,3,4,5,1,1,3,2,1,2,1,2,2,3,2,3,1,3,2,1,3,1,"Eustress (Positive Stress) - Stress that motivates and enhances performance."
"76","0",19,4,5,3,4,5,3,2,3,1,1,3,2,2,2,1,1,3,4,4,3,4,5,2,"Eustress (Positive Stress) - Stress that motivates and enhances performance."
"77","0",21,5,4,4,4,2,4,4,4,2,3,2,4,2,1,1,3,1,4,1,1,4,4,4,"Eustress (Positive Stress) - Stress that motivates and enhances performance."
"78","0",21,3,2,1,4,5,3,1,3,1,1,1,5,3,1,1,4,4,2,2,3,2,1,2,"Eustress (Positive Stress) - Stress that motivates and enhances performance."
"79","0",21,2,1,5,5,5,5,5,5,1,4,2,3,1,1,1,2,2,1,4,3,2,3,3,"Eustress (Positive Stress) - Stress that motivates and enhances performance."
"80","0",21,2,3,1,5,5,1,2,1,4,3,3,2,1,1,1,2,2,3,1,1,3,3,2,"Eustress (Positive Stress) - Stress that motivates and enhances performance."
"81","0",19,4,4,4,2,1,2,2,3,2,1,2,3,4,2,2,3,5,2,4,3,4,3,3,"Eustress (Positive Stress) - Stress that motivates and enhances performance."
"82","0",21,4,3,2,2,4,2,5,2,2,3,5,3,1,1,1,2,3,1,1,1,2,3,1,"Eustress (Positive Stress) - Stress that motivates and enhances performance."
"83","0",21,2,1,3,3,1,2,2,3,4,3,3,4,2,2,3,2,2,2,1,3,3,3,2,"Eustress (Positive Stress) - Stress that motivates and enhances performance."
"84","0",22,4,4,2,2,1,2,3,2,1,1,2,1,2,5,2,2,4,5,5,5,2,4,2,"Eustress (Positive Stress) - Stress that motivates and enhances performance."
"85","1",20,2,1,5,3,1,1,1,1,2,1,1,4,2,2,3,4,3,1,3,5,4,4,2,"Eustress (Positive Stress) - Stress that motivates and enhances performance."
"86","1",20,2,2,1,2,2,3,4,3,2,3,2,3,2,3,2,1,4,3,4,5,2,4,1,"Eustress (Positive Stress) - Stress that motivates and enhances performance."
"87","0",21,2,3,4,1,2,3,3,2,3,3,3,3,1,1,1,2,5,2,3,2,3,4,2,"Eustress (Positive Stress) - Stress that motivates and enhances performance."
"88","0",19,4,3,3,3,3,4,5,3,2,3,1,1,3,2,2,2,1,1,3,4,3,4,2,"Eustress (Positive Stress) - Stress that motivates and enhances performance."
"89","0",20,4,3,4,2,4,4,2,4,4,4,2,3,2,4,2,1,1,3,1,2,1,3,2,"Eustress (Positive Stress) - Stress that motivates and enhances performance."
"90","1",20,4,4,2,2,1,4,5,3,1,3,1,1,1,5,3,1,1,4,4,3,2,3,5,"Eustress (Positive Stress) - Stress that motivates and enhances performance."
"91","0",19,1,3,2,5,5,5,5,5,5,5,1,4,2,3,1,1,1,2,2,1,2,3,2,"Eustress (Positive Stress) - Stress that motivates and enhances performance."
"92","0",22,2,2,3,3,1,5,5,1,2,1,4,3,3,2,1,1,1,2,2,2,4,2,5,"Eustress (Positive Stress) - Stress that motivates and enhances performance."
"93","1",19,4,4,1,3,4,2,1,2,2,3,2,1,2,3,4,2,2,3,5,5,2,4,2,"Eustress (Positive Stress) - Stress that motivates and enhances performance."
"94","0",20,2,3,2,1,2,2,4,2,5,2,2,3,5,3,1,1,1,2,3,2,2,3,2,"Eustress (Positive Stress) - Stress that motivates and enhances performance."
"95","0",19,2,1,2,2,3,3,1,2,2,3,4,3,3,4,2,2,3,2,2,2,2,2,4,"Eustress (Positive Stress) - Stress that motivates and enhances performance."
"96","1",20,3,4,3,2,2,2,1,2,3,2,1,1,2,1,2,5,2,2,4,4,4,4,4,"Eustress (Positive Stress) - Stress that motivates and enhances performance."
"97","1",20,2,3,3,5,5,3,1,1,1,1,1,3,2,1,2,3,3,2,3,2,4,4,3,"Eustress (Positive Stress) - Stress that motivates and enhances performance."
"98","0",21,3,3,3,1,1,2,2,3,4,3,4,4,3,3,2,2,2,3,4,4,4,3,4,"Eustress (Positive Stress) - Stress that motivates and enhances performance."
"99","0",15,4,3,2,3,4,1,2,2,1,2,1,1,2,1,5,1,1,1,5,4,3,3,4,"Eustress (Positive Stress) - Stress that motivates and enhances performance."
"100","1",17,4,3,5,3,4,2,3,1,3,2,3,1,2,2,5,4,3,4,3,2,2,5,2,"Eustress (Positive Stress) - Stress that motivates and enhances performance."
"101","0",21,2,2,1,4,4,4,1,1,1,1,5,4,1,1,5,1,2,1,3,3,2,2,2,"Eustress (Positive Stress) - Stress that motivates and enhances performance."
"102","0",18,4,2,3,3,2,2,3,1,1,2,1,3,1,2,5,3,2,3,3,4,1,4,2,"Eustress (Positive Stress) - Stress that motivates and enhances performance."
"103","0",21,2,2,2,4,4,4,2,4,3,3,2,3,3,3,2,1,1,5,3,2,1,3,3,"Eustress (Positive Stress) - Stress that motivates and enhances performance."
"104","1",20,3,2,2,2,2,1,1,1,3,3,1,1,2,1,5,1,2,1,2,3,4,3,2,"Eustress (Positive Stress) - Stress that motivates and enhances performance."
"105","0",20,3,4,4,2,3,1,1,4,3,2,3,1,2,2,3,4,1,1,4,3,1,4,1,"Eustress (Positive Stress) - Stress that motivates and enhances performance."
"106","0",19,3,2,2,5,4,3,1,4,3,2,2,4,1,1,1,2,3,2,1,1,2,5,3,"Eustress (Positive Stress) - Stress that motivates and enhances performance."
"107","0",28,4,5,4,3,3,4,4,1,1,2,5,1,1,1,1,2,1,1,4,3,2,5,2,"Eustress (Positive Stress) - Stress that motivates and enhances performance."
"108","0",18,1,1,1,4,3,3,1,3,3,2,4,4,4,2,2,3,4,2,1,1,1,1,1,"Eustress (Positive Stress) - Stress that motivates and enhances performance."
"109","1",19,1,2,1,4,4,2,4,1,3,3,2,1,1,1,1,2,3,3,2,2,2,4,1,"Eustress (Positive Stress) - Stress that motivates and enhances performance."
"110","0",19,4,2,2,5,4,3,4,2,5,4,3,1,2,2,3,2,1,2,1,1,1,1,1,"Eustress (Positive Stress) - Stress that motivates and enhances performance."
"111","0",19,3,4,3,3,2,1,1,2,3,2,3,4,2,5,2,2,3,5,1,5,3,5,3,"Eustress (Positive Stress) - Stress that motivates and enhances performance."
"112","1",20,3,2,2,3,2,4,3,1,3,2,3,1,2,2,3,4,3,3,2,3,5,3,4,"Eustress (Positive Stress) - Stress that motivates and enhances performance."
"113","1",20,2,2,1,3,4,4,1,5,3,3,3,1,2,3,2,1,1,2,3,3,3,5,3,"Eustress (Positive Stress) - Stress that motivates and enhances performance."
"114","0",18,3,3,4,3,2,1,2,1,2,1,2,1,1,1,1,2,1,1,5,5,4,4,3,"Eustress (Positive Stress) - Stress that motivates and enhances performance."
"115","0",20,4,4,4,4,4,2,2,4,1,2,3,2,3,4,3,2,3,2,4,2,2,3,3,"Eustress (Positive Stress) - Stress that motivates and enhances performance."
"116","1",21,2,3,1,5,4,2,1,3,3,2,3,2,3,3,2,3,3,3,2,2,2,3,2,"Eustress (Positive Stress) - Stress that motivates and enhances performance."
"117","0",18,5,5,5,4,3,3,5,4,4,4,3,3,2,2,3,2,2,3,5,5,5,4,5,"Distress (Negative Stress) - Stress that causes anxiety and impairs well-being."
"118","1",19,2,1,1,3,4,2,1,1,2,2,2,1,1,1,1,3,2,1,1,1,1,3,1,"No Stress - Currently experiencing minimal to no stress."
"119","1",17,4,3,4,4,4,3,4,4,4,4,4,3,4,3,4,4,3,3,3,4,4,2,4,"Distress (Negative Stress) - Stress that causes anxiety and impairs well-being."
"120","1",19,3,3,1,1,1,2,3,2,4,3,1,2,3,1,4,1,1,1,3,4,2,5,2,"Eustress (Positive Stress) - Stress that motivates and enhances performance."
"121","1",18,4,3,4,5,2,1,4,3,4,4,4,4,2,2,2,2,3,4,3,1,2,3,2,"Eustress (Positive Stress) - Stress that motivates and enhances performance."
"122","0",20,3,3,4,4,4,2,1,3,2,1,2,2,2,2,1,4,3,1,2,1,1,1,4,"Eustress (Positive Stress) - Stress that motivates and enhances performance."
"123","0",18,5,5,5,4,5,4,4,4,5,4,5,5,1,1,3,1,1,2,5,5,5,3,5,"Distress (Negative Stress) - Stress that causes anxiety and impairs well-being."
"124","0",18,2,3,1,2,1,4,2,1,2,4,1,1,5,5,2,4,3,2,3,2,2,2,4,"Eustress (Positive Stress) - Stress that motivates and enhances performance."
"125","1",20,4,3,5,4,5,5,3,3,4,3,2,2,1,1,1,1,1,1,3,4,4,3,3,"Eustress (Positive Stress) - Stress that motivates and enhances performance."
"126","1",19,2,3,2,1,5,2,3,1,1,4,4,2,4,1,3,3,2,1,1,3,3,3,3,"Eustress (Positive Stress) - Stress that motivates and enhances performance."
"127","1",20,3,2,3,4,4,4,4,2,3,5,4,3,4,2,5,4,3,1,2,3,3,3,2,"Eustress (Positive Stress) - Stress that motivates and enhances performance."
"128","0",19,3,2,1,1,1,2,1,1,1,3,2,1,1,2,3,2,3,4,2,2,4,4,2,"Eustress (Positive Stress) - Stress that motivates and enhances performance."
"129","0",19,2,1,3,2,2,3,3,1,4,3,2,4,3,1,3,2,3,1,2,2,3,1,2,"Eustress (Positive Stress) - Stress that motivates and enhances performance."
"130","0",20,2,2,5,3,2,3,1,4,3,3,4,4,1,5,3,3,3,1,2,1,1,2,3,"Eustress (Positive Stress) - Stress that motivates and enhances performance."
"131","0",18,3,2,2,4,4,4,2,2,1,3,2,1,2,1,2,1,2,1,1,1,3,3,3,"Eustress (Positive Stress) - Stress that motivates and enhances performance."
"132","0",18,2,1,5,3,1,3,1,2,3,4,4,2,2,4,1,2,3,2,3,2,1,1,3,"Eustress (Positive Stress) - Stress that motivates and enhances performance."
"133","0",21,2,2,5,5,5,5,1,4,2,5,4,2,1,3,3,2,3,2,3,1,1,3,2,"Eustress (Positive Stress) - Stress that motivates and enhances performance."
"134","0",18,3,4,5,1,2,1,4,3,3,4,3,3,5,4,4,4,3,3,2,3,3,2,2,"Eustress (Positive Stress) - Stress that motivates and enhances performance."
"135","1",24,2,3,1,2,2,3,2,1,2,3,4,2,1,1,2,2,2,1,1,4,5,5,5,"Eustress (Positive Stress) - Stress that motivates and enhances performance."
"136","0",21,3,4,4,2,5,2,2,3,5,4,4,3,4,4,4,4,4,3,4,2,2,1,3,"Eustress (Positive Stress) - Stress that motivates and enhances performance."
"137","0",21,1,2,1,2,2,3,4,3,3,1,1,2,3,2,4,3,1,2,3,2,2,2,2,"Eustress (Positive Stress) - Stress that motivates and enhances performance."
"138","0",19,4,2,1,2,3,2,1,1,2,5,2,1,4,3,4,4,4,4,2,3,5,4,2,"Eustress (Positive Stress) - Stress that motivates and enhances performance."
"139","0",18,3,2,1,1,1,1,2,1,1,4,4,2,1,3,2,1,2,2,2,1,1,1,1,"No Stress - Currently experiencing minimal to no stress."
"140","1",20,2,2,2,3,4,3,2,3,2,4,5,4,4,4,5,4,5,5,1,3,3,4,1,"Eustress (Positive Stress) - Stress that motivates and enhances performance."
"141","0",20,3,4,2,3,3,2,3,3,3,2,1,4,2,1,2,4,1,1,5,3,2,2,2,"Eustress (Positive Stress) - Stress that motivates and enhances performance."
"142","1",20,2,3,3,2,2,3,2,2,3,4,5,5,3,3,4,3,2,2,1,1,4,2,2,"Eustress (Positive Stress) - Stress that motivates and enhances performance."
"143","1",19,1,1,1,1,1,1,3,2,1,1,5,2,3,1,1,3,2,2,2,1,1,1,2,"No Stress - Currently experiencing minimal to no stress."
"144","0",19,2,1,3,4,3,4,4,3,3,4,4,4,4,2,3,2,4,2,1,1,1,4,4,"Eustress (Positive Stress) - Stress that motivates and enhances performance."
"145","0",17,3,2,2,1,2,1,1,2,1,1,1,2,1,1,1,1,5,3,1,1,2,4,3,"No Stress - Currently experiencing minimal to no stress."
"146","0",17,3,3,1,3,2,3,1,2,2,2,2,3,3,1,4,2,3,1,1,1,2,3,1,"Eustress (Positive Stress) - Stress that motivates and enhances performance."
"147","0",18,3,3,1,1,1,5,4,1,1,3,2,3,1,4,3,3,2,1,1,1,3,5,1,"Eustress (Positive Stress) - Stress that motivates and enhances performance."
"148","0",20,3,3,1,1,2,1,3,1,2,4,4,4,2,2,1,2,3,4,2,4,5,4,1,"Eustress (Positive Stress) - Stress that motivates and enhances performance."
"149","0",18,3,3,4,3,3,2,3,3,1,4,3,2,1,4,3,2,3,1,1,1,1,5,3,"Eustress (Positive Stress) - Stress that motivates and enhances performance."
"150","0",18,4,2,1,3,3,1,1,2,4,3,3,4,4,3,3,4,1,1,1,1,1,5,2,"Eustress (Positive Stress) - Stress that motivates and enhances performance."
"151","1",19,3,2,4,3,2,3,1,2,2,1,3,2,2,1,3,2,1,1,1,5,5,4,4,"Eustress (Positive Stress) - Stress that motivates and enhances performance."
"152","1",18,3,3,4,3,2,2,4,1,2,3,4,4,2,3,4,4,4,2,2,2,2,4,3,"Eustress (Positive Stress) - Stress that motivates and enhances performance."
"153","0",20,3,3,1,1,2,5,1,1,4,2,5,4,4,2,5,4,1,1,1,2,3,2,1,"Eustress (Positive Stress) - Stress that motivates and enhances performance."
"154","0",20,2,3,3,3,2,4,4,4,3,3,4,3,3,3,4,3,2,2,3,1,2,4,2,"Eustress (Positive Stress) - Stress that motivates and enhances performance."
"155","0",20,3,3,1,3,3,2,1,1,1,2,3,4,1,2,3,4,1,1,5,2,1,4,2,"Eustress (Positive Stress) - Stress that motivates and enhances performance."
"156","0",19,2,3,2,5,4,3,1,2,3,5,4,4,3,5,4,4,3,2,2,5,4,5,3,"Eustress (Positive Stress) - Stress that motivates and enhances performance."
"157","0",19,2,3,2,3,2,3,4,2,3,3,1,1,3,3,1,1,3,3,4,3,3,4,3,"Eustress (Positive Stress) - Stress that motivates and enhances performance."
"158","0",20,2,2,1,3,2,3,1,2,1,2,5,2,1,2,5,2,4,1,1,1,3,4,2,"Eustress (Positive Stress) - Stress that motivates and enhances performance."
"159","0",20,5,2,5,3,3,3,1,2,1,1,4,4,1,1,4,4,1,1,1,1,5,1,3,"Eustress (Positive Stress) - Stress that motivates and enhances performance."
"160","0",19,2,3,1,2,1,2,1,1,3,2,4,5,3,2,4,5,4,4,2,2,1,2,1,"Eustress (Positive Stress) - Stress that motivates and enhances performance."
"161","0",19,1,1,4,1,2,3,2,3,3,3,2,1,3,3,2,1,1,1,1,1,1,1,1,"No Stress - Currently experiencing minimal to no stress."
"162","0",19,3,4,3,3,2,3,2,3,2,3,4,5,2,3,4,5,1,2,2,3,2,4,4,"Eustress (Positive Stress) - Stress that motivates and enhances performance."
"163","1",20,3,2,4,4,4,3,3,2,2,1,1,5,2,1,1,5,4,2,5,2,3,2,1,"Eustress (Positive Stress) - Stress that motivates and enhances performance."
"164","1",21,4,2,1,2,2,2,1,1,3,3,4,4,3,3,4,4,1,2,2,3,2,2,2,"Eustress (Positive Stress) - Stress that motivates and enhances performance."
"165","1",19,3,2,4,4,4,4,3,4,2,1,1,1,2,1,1,1,1,2,3,2,3,2,2,"Eustress (Positive Stress) - Stress that motivates and enhances performance."
"166","1",24,3,2,2,4,3,1,2,1,2,2,2,2,2,2,2,2,5,1,1,1,2,4,2,"Eustress (Positive Stress) - Stress that motivates and enhances performance."
"167","1",20,3,2,3,4,4,4,1,1,1,1,3,2,1,1,3,2,4,3,4,3,3,3,1,"Eustress (Positive Stress) - Stress that motivates and enhances performance."
"168","0",19,2,3,3,2,1,2,3,2,1,2,4,4,1,2,4,4,4,3,3,2,2,4,2,"Eustress (Positive Stress) - Stress that motivates and enhances performance."
"169","0",19,4,3,4,5,4,2,1,1,3,3,3,1,3,3,3,1,2,2,2,3,3,4,4,"Eustress (Positive Stress) - Stress that motivates and enhances performance."
"170","0",19,2,2,1,2,4,3,4,2,2,1,5,5,2,1,5,5,4,1,1,1,1,3,3,"Eustress (Positive Stress) - Stress that motivates and enhances performance."
"171","0",20,2,2,3,4,3,2,3,3,2,2,1,2,2,2,1,2,4,1,3,4,3,3,3,"Eustress (Positive Stress) - Stress that motivates and enhances performance."
"172","0",19,4,3,4,1,4,2,1,2,1,1,2,2,1,1,2,2,5,1,1,4,1,2,3,"Eustress (Positive Stress) - Stress that motivates and enhances performance."
"173","0",18,3,4,2,1,1,2,3,5,1,1,2,5,1,1,2,5,4,4,5,5,3,4,1,"Eustress (Positive Stress) - Stress that motivates and enhances performance."
"174","0",19,4,3,3,5,2,4,3,3,4,2,2,2,4,2,2,2,4,3,5,3,1,3,2,"Eustress (Positive Stress) - Stress that motivates and enhances performance."
"175","0",19,2,2,5,5,5,1,1,2,1,1,1,2,1,1,1,2,1,4,1,2,4,3,3,"Eustress (Positive Stress) - Stress that motivates and enhances performance."
"176","1",19,3,3,5,1,1,2,1,1,2,2,3,2,2,2,3,2,2,4,2,5,2,4,1,"Eustress (Positive Stress) - Stress that motivates and enhances performance."
"177","1",19,1,2,5,3,2,2,3,2,2,5,2,2,2,5,2,2,1,3,3,3,3,4,3,"Eustress (Positive Stress) - Stress that motivates and enhances performance."
"178","1",19,2,2,3,2,3,3,3,3,2,2,3,4,2,2,3,4,4,2,5,4,1,3,2,"Eustress (Positive Stress) - Stress that motivates and enhances performance."
"179","1",20,4,2,3,5,5,2,2,3,2,3,2,1,2,3,2,1,2,2,2,3,5,3,3,"Eustress (Positive Stress) - Stress that motivates and enhances performance."
"180","1",20,3,2,2,2,1,3,2,1,1,1,1,2,1,1,1,2,2,1,1,5,4,4,2,"No Stress - Currently experiencing minimal to no stress."
"181","1",20,1,1,2,1,2,4,3,3,3,4,3,2,3,4,3,2,2,1,1,1,4,4,3,"Eustress (Positive Stress) - Stress that motivates and enhances performance."
"182","1",19,3,4,3,5,4,1,1,1,3,3,2,3,3,3,2,3,4,4,3,3,3,3,1,"Eustress (Positive Stress) - Stress that motivates and enhances performance."
"183","1",19,1,2,3,2,1,2,3,4,2,2,3,2,2,2,3,2,3,1,1,3,4,3,3,"Eustress (Positive Stress) - Stress that motivates and enhances performance."
"184","1",20,3,3,2,3,4,4,3,1,1,1,1,3,1,1,1,3,4,2,3,4,4,4,1,"Eustress (Positive Stress) - Stress that motivates and enhances performance."
"185","1",20,4,3,2,1,1,1,1,2,4,3,4,4,4,3,4,4,4,2,3,5,1,3,1,"Eustress (Positive Stress) - Stress that motivates and enhances performance."
"186","1",20,2,2,1,3,2,4,3,2,1,4,1,2,1,4,1,2,3,1,4,3,4,1,3,"Eustress (Positive Stress) - Stress that motivates and enhances performance."
"187","1",20,5,2,2,3,2,1,1,1,1,3,3,3,1,3,3,3,3,2,1,3,4,4,2,"Eustress (Positive Stress) - Stress that motivates and enhances performance."
"188","0",21,4,3,2,1,1,2,2,2,2,3,5,3,2,3,5,3,2,1,3,3,4,2,1,"Eustress (Positive Stress) - Stress that motivates and enhances performance."
"189","1",19,2,2,1,3,2,1,1,1,1,4,2,4,1,4,2,4,4,3,1,3,3,3,3,"Eustress (Positive Stress) - Stress that motivates and enhances performance."
"190","0",20,3,2,2,2,2,1,5,3,2,3,3,3,2,3,3,3,3,5,2,2,3,2,1,"Eustress (Positive Stress) - Stress that motivates and enhances performance."
"191","0",21,3,3,4,3,2,2,3,5,3,2,3,1,3,2,3,1,3,3,4,3,4,5,3,"Eustress (Positive Stress) - Stress that motivates and enhances performance."
"192","1",19,3,2,3,2,3,3,4,5,2,1,3,1,2,1,3,1,5,4,5,5,4,4,1,"Eustress (Positive Stress) - Stress that motivates and enhances performance."
"193","0",22,2,3,4,2,2,4,4,2,4,4,4,2,3,4,3,4,2,2,3,4,1,5,4,"Eustress (Positive Stress) - Stress that motivates and enhances performance."
"194","0",21,1,1,2,1,2,1,4,5,3,1,3,1,2,3,2,2,2,2,1,3,5,3,1,"Eustress (Positive Stress) - Stress that motivates and enhances performance."
"195","0",22,4,4,2,1,5,5,5,5,5,5,5,1,5,5,5,5,5,5,5,5,5,4,2,"Distress (Negative Stress) - Stress that causes anxiety and impairs well-being."
"196","0",20,1,3,2,1,3,1,5,5,1,2,1,4,3,3,1,3,3,1,3,5,4,2,3,"Eustress (Positive Stress) - Stress that motivates and enhances performance."
"197","1",22,4,2,2,3,2,1,3,5,3,3,1,4,4,2,4,3,2,3,4,5,4,2,3,"Eustress (Positive Stress) - Stress that motivates and enhances performance."
"198","0",22,4,3,4,1,1,1,3,1,4,1,2,5,4,3,4,3,2,2,1,5,1,1,4,"Eustress (Positive Stress) - Stress that motivates and enhances performance."
"199","0",19,3,2,3,5,5,4,5,4,3,4,3,3,2,1,1,1,2,5,5,5,3,4,4,"Eustress (Positive Stress) - Stress that motivates and enhances performance."
"200","0",19,1,1,1,1,1,1,3,2,3,1,2,3,2,4,3,3,2,4,2,2,3,4,4,"Eustress (Positive Stress) - Stress that motivates and enhances performance."
"201","0",19,1,2,1,1,4,5,4,4,5,1,1,3,4,4,1,3,3,2,4,4,4,5,2,"Eustress (Positive Stress) - Stress that motivates and enhances performance."
"202","0",19,2,3,2,2,2,1,3,1,3,1,4,3,2,1,2,5,4,3,1,4,4,2,2,"Eustress (Positive Stress) - Stress that motivates and enhances performance."
"203","0",19,2,3,3,5,5,5,5,5,5,5,4,4,4,2,2,3,2,3,5,5,5,3,1,"Distress (Negative Stress) - Stress that causes anxiety and impairs well-being."
"204","1",20,2,3,3,1,1,2,1,2,1,2,3,1,1,1,2,1,2,1,1,2,4,4,2,"No Stress - Currently experiencing minimal to no stress."
"205","1",19,3,3,3,5,5,5,3,5,2,5,4,3,3,1,3,4,2,1,2,3,4,4,2,"Eustress (Positive Stress) - Stress that motivates and enhances performance."
"206","0",19,2,3,3,2,2,3,5,2,1,2,5,2,5,1,3,2,2,3,1,3,3,3,2,"Eustress (Positive Stress) - Stress that motivates and enhances performance."
"207","0",19,4,4,2,2,3,2,4,3,2,3,4,4,4,3,4,1,2,3,4,4,3,2,3,"Eustress (Positive Stress) - Stress that motivates and enhances performance."
"208","1",20,3,3,2,3,1,2,3,1,1,3,2,1,3,2,3,3,3,4,2,1,3,4,2,"Eustress (Positive Stress) - Stress that motivates and enhances performance."
"209","1",21,3,3,3,3,4,5,5,5,4,5,5,4,5,3,3,5,3,4,3,4,4,3,1,"Distress (Negative Stress) - Stress that causes anxiety and impairs well-being."
"210","1",19,2,3,3,1,2,2,4,3,1,2,1,4,1,2,3,4,4,1,1,5,4,4,1,"Eustress (Positive Stress) - Stress that motivates and enhances performance."
"211","1",19,3,2,3,4,3,3,3,3,4,1,1,3,3,3,4,2,1,5,5,4,3,3,2,"Eustress (Positive Stress) - Stress that motivates and enhances performance."
"212","0",21,3,3,3,1,1,1,2,1,2,3,2,3,5,3,4,3,4,2,2,4,4,4,2,"Eustress (Positive Stress) - Stress that motivates and enhances performance."
"213","0",20,3,2,3,1,1,4,2,2,2,1,1,4,2,4,3,3,2,2,3,2,2,2,1,"Eustress (Positive Stress) - Stress that motivates and enhances performance."
"214","0",19,3,2,3,2,2,2,4,4,3,4,2,3,3,3,3,3,3,1,2,4,4,2,1,"Eustress (Positive Stress) - Stress that motivates and enhances performance."
"215","0",21,4,1,1,5,5,1,5,5,2,3,3,2,3,1,1,1,5,2,1,4,4,3,3,"Eustress (Positive Stress) - Stress that motivates and enhances performance."
"216","0",19,1,3,1,5,1,1,3,1,2,1,2,1,3,1,3,2,2,5,4,5,2,3,2,"Eustress (Positive Stress) - Stress that motivates and enhances performance."
"217","0",17,1,1,2,5,3,3,2,1,2,3,5,3,3,3,3,3,4,3,3,4,2,5,3,"Eustress (Positive Stress) - Stress that motivates and enhances performance."
"218","0",100,5,5,1,2,1,3,3,2,4,3,3,3,2,2,4,1,1,1,3,4,5,1,5,"Eustress (Positive Stress) - Stress that motivates and enhances performance."
"219","0",18,2,1,3,4,1,5,4,4,1,1,2,1,2,5,1,1,1,1,5,1,2,5,3,"Eustress (Positive Stress) - Stress that motivates and enhances performance."
"220","0",19,1,2,3,2,3,1,5,1,2,1,1,3,2,4,4,4,2,2,1,2,2,3,2,"Eustress (Positive Stress) - Stress that motivates and enhances performance."
"221","0",18,2,2,2,4,4,4,4,1,1,1,2,1,2,3,1,2,2,4,2,2,3,5,5,"Eustress (Positive Stress) - Stress that motivates and enhances performance."
"222","0",19,2,2,3,3,4,1,3,1,2,2,3,2,2,3,1,2,3,2,4,4,3,3,4,"Eustress (Positive Stress) - Stress that motivates and enhances performance."
"223","0",18,2,4,4,3,4,1,3,4,2,1,3,4,4,4,2,3,4,3,3,3,2,4,4,"Eustress (Positive Stress) - Stress that motivates and enhances performance."
"224","0",18,2,2,4,2,1,1,2,2,4,1,2,1,1,4,2,4,3,1,1,1,3,5,2,"Eustress (Positive Stress) - Stress that motivates and enhances performance."
"225","0",17,2,5,3,5,1,1,2,3,2,3,3,4,4,4,2,4,4,3,1,5,4,4,4,"Eustress (Positive Stress) - Stress that motivates and enhances performance."
"226","0",18,5,1,1,2,1,2,3,4,3,2,2,1,1,1,1,1,1,1,2,4,3,4,4,"Eustress (Positive Stress) - Stress that motivates and enhances performance."
"227","1",17,2,4,3,3,2,2,4,3,1,1,2,2,1,1,1,1,1,1,2,3,2,4,3,"Eustress (Positive Stress) - Stress that motivates and enhances performance."
"228","0",18,1,4,2,3,4,2,4,4,3,1,5,3,5,1,1,1,1,1,2,3,4,4,1,"Eustress (Positive Stress) - Stress that motivates and enhances performance."
"229","0",18,1,2,1,2,1,1,1,1,1,1,3,2,2,4,3,5,3,2,3,3,2,4,2,"Eustress (Positive Stress) - Stress that motivates and enhances performance."
"230","0",19,1,3,2,3,4,1,1,1,1,2,3,1,4,2,1,3,5,4,4,1,5,5,3,"Eustress (Positive Stress) - Stress that motivates and enhances performance."
"231","0",19,5,2,3,2,1,1,1,1,1,5,2,2,3,2,2,1,1,1,1,4,5,5,5,"Eustress (Positive Stress) - Stress that motivates and enhances performance."
"232","0",19,2,5,1,2,2,3,5,3,2,1,2,3,3,4,1,2,3,2,2,2,2,4,2,"Eustress (Positive Stress) - Stress that motivates and enhances performance."
"233","0",18,1,1,1,5,3,1,3,5,4,2,1,3,4,3,3,3,4,4,1,2,1,4,3,"Eustress (Positive Stress) - Stress that motivates and enhances performance."
"234","0",19,5,4,2,3,2,2,1,1,1,1,1,2,3,3,1,2,3,1,3,5,3,3,4,"Eustress (Positive Stress) - Stress that motivates and enhances performance."
"235","0",19,2,4,3,3,1,1,2,3,2,5,5,5,5,5,5,5,5,5,3,3,2,4,2,"Eustress (Positive Stress) - Stress that motivates and enhances performance."
"236","0",18,3,4,2,2,2,3,3,4,4,1,3,1,1,2,1,1,1,2,2,2,5,4,4,"Eustress (Positive Stress) - Stress that motivates and enhances performance."
"237","0",17,1,2,1,2,3,1,2,3,1,1,4,3,5,3,3,3,3,3,3,4,1,1,1,"Eustress (Positive Stress) - Stress that motivates and enhances performance."
"238","0",19,4,4,3,1,4,5,5,5,5,5,4,4,2,3,1,1,4,1,1,3,4,4,2,"Eustress (Positive Stress) - Stress that motivates and enhances performance."
"239","0",18,4,2,1,1,1,1,1,1,2,1,1,2,3,3,3,3,3,4,3,4,4,4,3,"Eustress (Positive Stress) - Stress that motivates and enhances performance."
"240","0",19,2,3,3,2,4,3,3,3,3,2,2,5,4,3,3,3,3,1,3,5,2,4,1,"Eustress (Positive Stress) - Stress that motivates and enhances performance."
"241","1",21,4,4,4,3,2,1,1,4,1,1,3,5,5,5,5,5,5,1,4,3,3,3,4,"Eustress (Positive Stress) - Stress that motivates and enhances performance."
"242","0",20,4,3,4,3,2,3,3,3,4,1,1,2,4,3,1,2,3,1,1,3,5,3,2,"Eustress (Positive Stress) - Stress that motivates and enhances performance."
"243","1",20,5,3,3,4,2,3,3,3,1,1,3,2,5,3,3,3,5,5,3,3,3,4,3,"Eustress (Positive Stress) - Stress that motivates and enhances performance."
"244","1",21,4,4,4,4,4,5,5,5,1,5,2,5,3,5,2,5,5,5,1,3,5,4,3,"Distress (Negative Stress) - Stress that causes anxiety and impairs well-being."
"245","0",20,2,4,4,5,3,1,2,3,1,1,2,1,3,1,3,2,2,2,2,2,4,1,2,"Eustress (Positive Stress) - Stress that motivates and enhances performance."
"246","0",20,4,2,2,3,3,3,3,5,5,1,2,1,3,3,3,3,4,4,1,4,3,5,4,"Eustress (Positive Stress) - Stress that motivates and enhances performance."
"247","1",20,5,2,1,3,2,2,5,5,5,1,5,3,2,1,2,4,2,1,3,1,5,5,1,"Eustress (Positive Stress) - Stress that motivates and enhances performance."
"248","0",21,5,4,2,3,5,3,2,2,2,2,3,5,4,2,5,4,3,1,2,4,5,4,1,"Eustress (Positive Stress) - Stress that motivates and enhances performance."
"249","0",20,5,2,1,2,2,3,3,4,4,3,1,1,1,1,2,2,1,2,1,1,5,4,3,"Eustress (Positive Stress) - Stress that motivates and enhances performance."
"250","1",21,2,4,3,4,3,4,2,4,3,3,2,3,2,5,1,2,1,5,1,2,5,1,1,"Eustress (Positive Stress) - Stress that motivates and enhances performance."
"251","1",19,4,1,2,1,1,1,2,1,4,1,2,3,4,4,1,3,2,2,5,5,5,3,5,"Eustress (Positive Stress) - Stress that motivates and enhances performance."
"252","0",21,2,5,2,2,1,4,1,1,3,3,3,4,2,1,3,3,3,4,3,2,2,3,2,"Eustress (Positive Stress) - Stress that motivates and enhances performance."
"253","1",20,4,2,5,3,5,2,3,2,3,5,3,4,3,4,2,4,1,1,1,4,4,4,3,"Eustress (Positive Stress) - Stress that motivates and enhances performance."
"254","0",20,4,2,3,2,2,2,1,1,4,2,4,3,3,2,5,1,1,1,1,1,4,4,2,"Eustress (Positive Stress) - Stress that motivates and enhances performance."
"255","0",21,5,3,3,1,4,3,4,2,3,3,3,3,3,3,4,4,4,2,2,5,5,5,5,"Eustress (Positive Stress) - Stress that motivates and enhances performance."
"256","0",21,3,3,2,2,3,2,3,3,2,3,1,1,1,5,2,1,1,1,1,1,2,4,3,"Eustress (Positive Stress) - Stress that motivates and enhances performance."
"257","0",21,5,1,2,3,3,2,1,2,1,3,1,3,2,2,3,1,2,2,3,2,3,4,3,"Eustress (Positive Stress) - Stress that motivates and enhances performance."
"258","0",22,2,4,3,3,4,2,3,5,3,3,3,3,3,4,3,4,2,5,2,1,3,3,3,"Eustress (Positive Stress) - Stress that motivates and enhances performance."
"259","0",20,4,1,1,3,2,4,3,3,3,2,2,4,1,1,3,1,2,2,3,4,4,3,4,"Eustress (Positive Stress) - Stress that motivates and enhances performance."
"260","0",22,2,1,1,3,2,1,1,2,1,2,5,1,1,1,5,3,3,5,3,4,1,3,2,"Eustress (Positive Stress) - Stress that motivates and enhances performance."
"261","1",20,4,2,2,2,3,2,1,1,3,2,4,4,4,2,1,2,3,4,4,1,4,4,3,"Eustress (Positive Stress) - Stress that motivates and enhances performance."
"262","1",20,3,2,2,2,5,2,3,2,3,3,2,1,1,1,3,3,4,2,1,5,2,4,2,"Eustress (Positive Stress) - Stress that motivates and enhances performance."
"263","1",20,2,3,3,4,3,3,3,3,5,4,3,1,2,2,5,3,4,3,4,2,3,3,3,"Eustress (Positive Stress) - Stress that motivates and enhances performance."
"264","0",21,1,1,2,2,3,3,3,5,4,3,1,2,2,3,2,4,3,3,2,2,5,4,1,"Eustress (Positive Stress) - Stress that motivates and enhances performance."
"265","0",21,3,2,3,2,1,2,3,3,2,3,4,2,5,2,3,3,3,3,3,1,2,2,1,"Eustress (Positive Stress) - Stress that motivates and enhances performance."
"266","0",20,4,4,5,3,5,2,1,3,2,3,1,2,2,3,3,1,1,1,5,2,4,4,4,"Eustress (Positive Stress) - Stress that motivates and enhances performance."
"267","0",20,3,4,2,4,2,3,3,3,3,3,1,2,3,2,3,1,3,2,2,5,3,1,2,"Eustress (Positive Stress) - Stress that motivates and enhances performance."
"268","0",20,2,3,1,1,2,1,1,2,1,2,1,1,1,1,3,3,3,3,4,3,1,4,2,"Eustress (Positive Stress) - Stress that motivates and enhances performance."
"269","0",20,5,4,3,1,2,3,4,1,2,3,2,3,4,3,2,2,4,1,1,1,1,2,1,"Eustress (Positive Stress) - Stress that motivates and enhances performance."
"270","0",20,3,4,3,3,2,3,1,3,2,3,2,3,3,2,2,5,1,1,1,1,1,5,3,"Eustress (Positive Stress) - Stress that motivates and enhances performance."
"271","1",20,3,3,3,3,2,1,2,4,4,3,3,2,2,3,2,4,4,4,2,2,3,3,2,"Eustress (Positive Stress) - Stress that motivates and enhances performance."
"272","0",20,3,4,2,4,3,3,2,2,2,2,1,1,1,1,3,2,1,1,1,1,3,4,4,"Eustress (Positive Stress) - Stress that motivates and enhances performance."
"273","0",20,2,2,1,1,3,1,1,1,2,3,1,1,3,4,4,3,1,2,2,3,2,5,2,"Eustress (Positive Stress) - Stress that motivates and enhances performance."
"274","0",20,5,5,5,4,5,2,2,2,1,5,1,1,1,4,2,3,4,2,5,2,5,5,5,"Eustress (Positive Stress) - Stress that motivates and enhances performance."
"275","0",20,3,2,2,1,4,1,1,1,1,1,5,4,5,5,2,3,1,2,2,3,2,1,1,"Eustress (Positive Stress) - Stress that motivates and enhances performance."
"276","1",21,3,4,1,4,4,5,3,3,3,3,2,3,5,3,3,3,1,2,3,2,3,1,2,"Eustress (Positive Stress) - Stress that motivates and enhances performance."
"277","0",19,2,1,1,2,2,3,5,2,1,3,2,4,1,2,1,2,1,1,1,1,3,5,1,"Eustress (Positive Stress) - Stress that motivates and enhances performance."
"278","1",20,5,3,2,2,3,3,3,4,3,1,3,5,5,3,2,3,2,3,4,3,3,3,1,"Eustress (Positive Stress) - Stress that motivates and enhances performance."
"279","1",20,3,4,2,2,2,2,2,2,4,1,5,1,5,4,1,3,4,2,2,3,2,2,2,"Eustress (Positive Stress) - Stress that motivates and enhances performance."
"280","0",18,3,2,2,4,4,4,4,1,1,1,2,1,2,3,1,2,2,4,2,2,2,1,2,"Eustress (Positive Stress) - Stress that motivates and enhances performance."
"281","0",20,5,2,3,3,4,1,3,1,2,2,3,2,2,3,1,2,3,2,4,4,2,2,1,"Eustress (Positive Stress) - Stress that motivates and enhances performance."
"282","0",19,4,4,4,3,4,1,3,4,2,1,3,4,4,4,2,3,4,3,3,3,3,5,3,"Eustress (Positive Stress) - Stress that motivates and enhances performance."
"283","0",18,3,2,4,2,1,1,2,2,4,1,2,1,1,4,2,4,3,1,1,1,3,4,3,"Eustress (Positive Stress) - Stress that motivates and enhances performance."
"284","0",19,4,5,3,5,1,1,2,3,2,3,3,4,4,4,2,4,4,3,1,5,2,4,3,"Eustress (Positive Stress) - Stress that motivates and enhances performance."
"285","0",18,1,1,1,2,1,2,3,4,3,2,2,1,1,1,1,1,1,1,2,4,1,5,2,"No Stress - Currently experiencing minimal to no stress."
"286","0",19,3,4,3,3,2,2,4,3,1,1,2,2,1,1,1,1,1,1,2,3,2,3,1,"Eustress (Positive Stress) - Stress that motivates and enhances performance."
"287","1",18,3,4,2,3,4,2,4,4,3,1,5,3,5,1,1,1,1,1,2,3,3,2,1,"Eustress (Positive Stress) - Stress that motivates and enhances performance."
"288","1",20,1,2,1,2,1,1,1,1,1,1,3,2,2,4,3,5,3,2,3,3,2,3,2,"Eustress (Positive Stress) - Stress that motivates and enhances performance."
"289","0",19,2,3,2,3,4,1,1,1,1,2,3,1,4,2,1,3,5,4,4,1,5,3,1,"Eustress (Positive Stress) - Stress that motivates and enhances performance."
"290","0",19,2,2,3,2,1,1,1,1,1,5,2,2,3,2,2,1,1,1,1,4,3,4,3,"Eustress (Positive Stress) - Stress that motivates and enhances performance."
"291","0",18,5,5,1,2,2,3,5,3,2,1,2,3,3,4,1,2,3,2,2,2,2,1,2,"Eustress (Positive Stress) - Stress that motivates and enhances performance."
"292","0",19,1,1,1,5,3,1,3,5,4,2,1,3,4,3,3,3,4,4,1,2,1,4,2,"Eustress (Positive Stress) - Stress that motivates and enhances performance."
"293","0",19,3,4,2,3,2,2,1,1,1,1,1,2,3,3,1,2,3,1,3,5,2,3,3,"Eustress (Positive Stress) - Stress that motivates and enhances performance."
"294","0",19,3,4,3,3,1,1,2,3,2,5,5,5,5,5,5,5,5,5,3,3,3,3,3,"Distress (Negative Stress) - Stress that causes anxiety and impairs well-being."
"295","0",21,4,4,2,2,2,3,3,4,4,1,3,1,1,2,1,1,1,2,2,2,3,4,2,"Eustress (Positive Stress) - Stress that motivates and enhances performance."
"296","0",19,3,2,1,2,3,1,2,3,1,1,4,3,5,3,3,3,3,3,3,4,1,2,2,"Eustress (Positive Stress) - Stress that motivates and enhances performance."
"297","0",19,4,4,3,1,4,5,5,5,5,5,4,4,2,3,1,1,4,1,1,3,3,2,1,"Eustress (Positive Stress) - Stress that motivates and enhances performance."
"298","0",14,2,2,1,1,1,1,1,1,2,1,1,2,3,3,3,3,3,4,3,4,1,5,1,"Eustress (Positive Stress) - Stress that motivates and enhances performance."
"299","1",19,2,3,3,2,4,3,3,3,3,2,2,5,4,3,3,3,3,1,3,5,2,5,2,"Eustress (Positive Stress) - Stress that motivates and enhances performance."
"300","1",19,5,4,4,3,2,1,1,4,1,1,3,5,5,5,5,5,5,1,4,3,1,5,3,"Eustress (Positive Stress) - Stress that motivates and enhances performance."
"301","1",17,3,3,4,3,2,3,3,3,4,1,1,2,4,3,1,2,3,1,1,3,2,5,2,"Eustress (Positive Stress) - Stress that motivates and enhances performance."
"302","1",20,4,3,3,4,2,3,3,3,1,1,3,2,5,3,3,3,5,5,3,3,3,2,3,"Eustress (Positive Stress) - Stress that motivates and enhances performance."
"303","1",21,4,4,4,4,4,5,5,5,1,5,2,5,3,5,2,5,5,5,1,3,1,5,2,"Distress (Negative Stress) - Stress that causes anxiety and impairs well-being."
"304","0",19,5,4,4,5,3,1,2,3,1,1,2,1,3,1,3,2,2,2,2,2,3,2,3,"Eustress (Positive Stress) - Stress that motivates and enhances performance."
"305","0",36,3,2,2,3,3,3,3,5,5,1,2,1,3,3,3,3,4,4,1,4,1,3,3,"Eustress (Positive Stress) - Stress that motivates and enhances performance."
"306","0",21,3,2,1,3,2,2,5,5,5,1,5,3,2,1,2,4,2,1,3,1,3,2,4,"Eustress (Positive Stress) - Stress that motivates and enhances performance."
"307","0",21,3,4,2,3,5,3,2,2,2,2,3,5,4,2,5,4,3,1,2,4,2,2,2,"Eustress (Positive Stress) - Stress that motivates and enhances performance."
"308","0",19,3,2,1,2,2,3,3,4,4,3,1,1,1,1,2,2,1,2,1,1,2,3,1,"Eustress (Positive Stress) - Stress that motivates and enhances performance."
"309","0",19,4,4,3,4,3,4,2,4,3,3,2,3,2,5,1,2,1,5,1,2,4,5,3,"Eustress (Positive Stress) - Stress that motivates and enhances performance."
"310","0",20,5,4,3,4,3,3,3,3,3,3,3,1,3,1,2,1,1,4,2,1,4,5,1,"Eustress (Positive Stress) - Stress that motivates and enhances performance."
"311","0",19,4,3,1,3,2,2,3,1,1,1,3,5,4,3,3,4,3,1,1,1,2,5,4,"Eustress (Positive Stress) - Stress that motivates and enhances performance."
"312","1",19,3,4,4,5,3,1,3,1,3,2,3,3,4,4,2,3,2,4,1,2,3,5,3,"Eustress (Positive Stress) - Stress that motivates and enhances performance."
"313","1",19,4,4,2,3,2,3,3,3,3,3,3,3,3,3,2,2,2,2,2,3,4,2,3,"Eustress (Positive Stress) - Stress that motivates and enhances performance."
"314","1",20,1,1,2,2,2,3,3,3,3,3,1,4,4,4,3,3,3,2,5,5,2,4,1,"Eustress (Positive Stress) - Stress that motivates and enhances performance."
"315","1",22,5,2,3,5,5,1,4,1,2,1,1,2,3,3,1,3,2,2,3,4,5,4,2,"Eustress (Positive Stress) - Stress that motivates and enhances performance."
"316","1",19,4,4,2,4,3,1,1,1,2,1,3,4,5,4,2,3,3,3,2,2,3,4,2,"Eustress (Positive Stress) - Stress that motivates and enhances performance."
"317","1",19,4,5,4,4,3,1,1,1,5,1,2,2,2,4,1,1,1,1,5,5,1,2,2,"Eustress (Positive Stress) - Stress that motivates and enhances performance."
"318","1",19,3,2,2,1,2,5,3,2,1,2,4,4,1,1,1,4,2,5,1,1,2,5,1,"Eustress (Positive Stress) - Stress that motivates and enhances performance."
"319","1",18,4,2,3,2,2,3,5,4,2,5,1,3,1,2,2,1,2,2,3,3,2,4,3,"Eustress (Positive Stress) - Stress that motivates and enhances performance."
"320","1",28,2,2,1,4,1,1,1,1,1,2,1,3,4,2,1,5,2,3,2,3,4,4,3,"Eustress (Positive Stress) - Stress that motivates and enhances performance."
"321","1",19,3,4,2,2,1,2,3,2,5,1,1,2,2,4,1,1,1,1,4,3,2,5,5,"Eustress (Positive Stress) - Stress that motivates and enhances performance."
"322","1",20,4,3,3,3,5,3,4,4,1,2,1,2,3,2,3,1,2,2,3,2,5,1,5,"Eustress (Positive Stress) - Stress that motivates and enhances performance."
"323","1",20,4,4,3,3,3,5,5,5,5,5,2,3,4,3,2,1,2,2,3,5,1,3,4,"Eustress (Positive Stress) - Stress that motivates and enhances performance."
"324","0",19,5,5,5,4,4,2,1,2,4,3,1,2,3,1,1,1,1,1,1,3,5,5,2,"Eustress (Positive Stress) - Stress that motivates and enhances performance."
"325","1",19,4,3,5,5,4,4,2,2,5,3,3,3,5,5,1,3,4,2,2,5,4,4,2,"Eustress (Positive Stress) - Stress that motivates and enhances performance."
"326","0",21,4,2,2,4,1,2,5,5,3,5,2,5,5,5,1,1,2,5,3,2,5,4,3,"Eustress (Positive Stress) - Stress that motivates and enhances performance."
"327","0",41,2,1,1,1,2,1,1,2,2,1,2,1,2,1,2,1,2,3,1,3,2,4,2,"No Stress - Currently experiencing minimal to no stress."
"328","1",18,3,3,2,4,3,1,1,4,5,4,2,2,4,2,2,1,3,5,2,2,5,5,2,"Eustress (Positive Stress) - Stress that motivates and enhances performance."
"329","0",21,2,2,1,1,1,5,5,5,3,4,4,4,3,3,2,1,2,4,1,2,1,4,1,"Eustress (Positive Stress) - Stress that motivates and enhances performance."
"330","0",32,4,3,1,5,3,3,1,2,4,3,1,1,4,5,1,1,1,1,3,4,3,2,4,"Eustress (Positive Stress) - Stress that motivates and enhances performance."
"331","1",20,3,2,2,3,2,2,1,3,2,2,2,2,2,3,2,1,1,1,2,1,4,3,2,"Eustress (Positive Stress) - Stress that motivates and enhances performance."
"332","1",21,4,2,1,2,2,1,1,2,3,2,2,3,3,2,2,1,1,1,1,2,4,4,2,"Eustress (Positive Stress) - Stress that motivates and enhances performance."
"333","0",19,2,2,3,1,2,1,1,2,2,3,2,1,2,3,2,5,4,3,1,1,2,2,1,"Eustress (Positive Stress) - Stress that motivates and enhances performance."
"334","1",19,2,2,4,3,5,2,3,2,2,3,3,3,2,2,2,2,3,3,3,3,2,5,5,"Eustress (Positive Stress) - Stress that motivates and enhances performance."
"335","0",19,1,4,2,1,3,5,4,3,2,3,1,1,2,3,5,3,5,5,5,4,5,3,1,"Eustress (Positive Stress) - Stress that motivates and enhances performance."
"336","0",20,2,3,2,2,1,2,2,3,2,3,3,1,1,2,1,2,2,4,1,3,2,5,3,"Eustress (Positive Stress) - Stress that motivates and enhances performance."
"337","0",19,3,3,4,1,2,4,3,1,2,2,1,1,2,2,2,3,2,2,2,2,5,3,2,"Eustress (Positive Stress) - Stress that motivates and enhances performance."
"338","0",18,4,5,2,5,3,2,2,1,1,2,1,1,2,2,2,2,1,5,3,1,4,5,2,"Eustress (Positive Stress) - Stress that motivates and enhances performance."
"339","0",18,1,4,4,4,3,3,4,1,1,2,2,1,2,1,2,1,2,1,2,3,3,3,2,"Eustress (Positive Stress) - Stress that motivates and enhances performance."
"340","1",37,4,4,3,2,3,2,3,1,1,4,5,4,2,2,4,2,2,1,3,5,4,3,5,"Eustress (Positive Stress) - Stress that motivates and enhances performance."
"341","0",15,2,2,3,3,3,5,5,5,5,5,3,4,4,4,3,3,2,1,2,4,1,3,1,"Eustress (Positive Stress) - Stress that motivates and enhances performance."
"342","1",19,2,3,3,4,1,2,2,3,1,2,4,3,1,1,4,5,1,1,1,1,4,5,2,"Eustress (Positive Stress) - Stress that motivates and enhances performance."
"343","1",21,2,2,3,3,1,1,2,3,2,3,1,1,2,2,2,3,2,1,1,1,4,4,4,"Eustress (Positive Stress) - Stress that motivates and enhances performance."
"344","1",21,4,4,3,5,3,1,1,3,2,3,3,1,2,3,3,2,2,1,1,1,2,1,2,"Eustress (Positive Stress) - Stress that motivates and enhances performance."
"345","0",21,3,4,4,4,2,3,2,1,2,2,1,1,2,1,2,3,2,5,4,3,2,3,3,"Eustress (Positive Stress) - Stress that motivates and enhances performance."
"346","0",21,3,4,3,2,4,1,1,1,1,2,1,1,3,3,2,2,2,2,3,3,3,3,2,"Eustress (Positive Stress) - Stress that motivates and enhances performance."
"347","0",19,2,1,2,3,1,3,2,5,3,2,3,1,1,1,2,3,5,3,5,5,4,3,3,"Eustress (Positive Stress) - Stress that motivates and enhances performance."
"348","0",21,5,1,5,4,1,1,1,2,3,3,2,1,3,1,1,2,1,2,2,4,2,3,1,"Eustress (Positive Stress) - Stress that motivates and enhances performance."
"349","0",21,2,1,2,3,1,3,3,3,4,1,2,4,1,1,2,2,2,3,2,2,3,3,2,"Eustress (Positive Stress) - Stress that motivates and enhances performance."
"350","0",22,3,2,2,3,1,1,1,1,2,3,1,3,1,1,2,2,2,2,1,5,2,4,2,"Eustress (Positive Stress) - Stress that motivates and enhances performance."
"351","0",20,3,4,4,4,2,3,2,1,2,2,3,1,3,1,3,2,4,1,1,1,4,4,2,"Eustress (Positive Stress) - Stress that motivates and enhances performance."
"352","1",20,2,1,1,4,2,4,2,1,2,3,2,2,2,1,2,3,3,3,2,3,2,4,1,"Eustress (Positive Stress) - Stress that motivates and enhances performance."
"353","0",21,3,4,4,4,2,3,2,1,2,3,2,1,2,4,1,2,1,2,2,2,3,4,2,"Eustress (Positive Stress) - Stress that motivates and enhances performance."
"354","0",19,2,1,1,1,1,2,3,2,2,3,1,1,1,3,3,2,3,3,2,3,3,4,2,"Eustress (Positive Stress) - Stress that motivates and enhances performance."
"355","0",20,2,2,1,1,1,1,4,5,4,2,2,2,3,1,1,3,2,1,2,3,1,3,2,"Eustress (Positive Stress) - Stress that motivates and enhances performance."
"356","0",20,5,3,5,1,1,1,1,5,1,2,1,1,2,2,2,3,2,4,4,4,2,3,5,"Eustress (Positive Stress) - Stress that motivates and enhances performance."
"357","1",19,3,2,2,4,3,5,3,2,1,2,3,3,4,1,2,3,2,2,2,1,2,3,2,"Eustress (Positive Stress) - Stress that motivates and enhances performance."
"358","0",22,3,1,4,2,1,3,5,4,2,1,3,4,3,3,3,4,4,1,2,2,4,2,5,"Eustress (Positive Stress) - Stress that motivates and enhances performance."
"359","1",19,2,2,3,2,2,1,1,1,1,1,2,3,3,1,2,3,1,3,5,5,2,4,2,"Eustress (Positive Stress) - Stress that motivates and enhances performance."
"360","1",20,2,3,3,4,1,2,3,2,5,5,5,5,5,5,5,5,5,3,3,2,2,3,2,"Eustress (Positive Stress) - Stress that motivates and enhances performance."
"361","0",19,1,3,4,3,3,3,4,4,1,3,1,1,2,1,1,1,2,2,2,2,2,2,4,"Eustress (Positive Stress) - Stress that motivates and enhances performance."
"362","0",20,1,2,3,3,1,2,3,1,1,4,3,5,3,3,3,3,3,3,4,4,4,4,4,"Eustress (Positive Stress) - Stress that motivates and enhances performance."
"363","1",20,5,5,5,5,5,5,5,5,5,4,4,2,3,1,1,4,1,1,3,2,4,4,3,"Distress (Negative Stress) - Stress that causes anxiety and impairs well-being."
"364","0",21,3,1,1,2,1,1,1,2,1,1,2,3,3,3,3,3,4,3,4,4,4,3,4,"Eustress (Positive Stress) - Stress that motivates and enhances performance."
"365","0",15,4,3,5,3,3,3,3,3,2,2,5,4,3,3,3,3,1,3,5,4,3,3,4,"Eustress (Positive Stress) - Stress that motivates and enhances performance."
"366","0",17,4,4,2,3,1,1,4,1,1,3,5,5,5,5,5,5,1,4,3,2,2,5,2,"Eustress (Positive Stress) - Stress that motivates and enhances performance."
"367","0",21,1,2,3,3,3,3,3,4,1,1,2,4,3,1,2,3,1,1,3,3,2,2,2,"Eustress (Positive Stress) - Stress that motivates and enhances performance."
"368","0",18,2,5,4,3,3,3,3,1,1,3,2,5,3,3,3,5,5,3,3,4,1,4,2,"Eustress (Positive Stress) - Stress that motivates and enhances performance."
"369","0",21,3,5,5,5,5,5,5,1,5,2,5,3,5,2,5,5,5,1,3,2,1,3,3,"Distress (Negative Stress) - Stress that causes anxiety and impairs well-being."
"370","0",20,1,2,4,3,1,2,3,1,1,2,1,3,1,3,2,2,2,2,2,3,4,3,2,"Eustress (Positive Stress) - Stress that motivates and enhances performance."
"371","0",20,3,2,5,3,3,3,5,5,1,2,1,3,3,3,3,4,4,1,4,3,1,4,1,"Eustress (Positive Stress) - Stress that motivates and enhances performance."
"372","0",19,2,5,3,5,2,5,5,5,1,5,3,2,1,2,4,2,1,3,1,1,2,5,3,"Eustress (Positive Stress) - Stress that motivates and enhances performance."
"373","0",28,2,1,3,1,3,2,2,2,2,3,5,4,2,5,4,3,1,2,4,3,2,5,2,"Eustress (Positive Stress) - Stress that motivates and enhances performance."
"374","0",18,2,1,3,3,3,3,4,4,3,1,1,1,1,2,2,1,2,1,1,1,1,1,1,"No Stress - Currently experiencing minimal to no stress."
"375","0",19,4,5,4,1,4,2,4,3,3,2,3,2,5,1,2,1,5,1,2,2,2,4,1,"Eustress (Positive Stress) - Stress that motivates and enhances performance."
"376","0",19,2,3,3,3,3,3,3,3,3,3,1,3,1,2,1,1,4,2,1,1,1,1,1,"Eustress (Positive Stress) - Stress that motivates and enhances performance."
"377","1",19,2,2,2,1,2,3,1,1,1,3,5,4,3,3,4,3,1,1,1,5,3,5,3,"Eustress (Positive Stress) - Stress that motivates and enhances performance."
"378","1",20,4,3,2,1,1,3,1,3,2,3,3,4,4,2,3,2,4,1,2,3,5,3,4,"Eustress (Positive Stress) - Stress that motivates and enhances performance."
"379","1",20,2,2,4,3,3,3,3,3,3,3,3,3,3,2,2,2,2,2,3,3,3,5,3,"Eustress (Positive Stress) - Stress that motivates and enhances performance."
"380","1",18,3,1,3,3,3,3,3,3,3,1,4,4,4,3,3,3,2,5,5,5,4,4,3,"Eustress (Positive Stress) - Stress that motivates and enhances performance."
"381","1",20,2,3,1,1,1,4,1,2,1,1,2,3,3,1,3,2,2,3,4,2,2,3,3,"Eustress (Positive Stress) - Stress that motivates and enhances performance."
"382","1",21,2,1,1,1,1,1,1,2,1,3,4,5,4,2,3,3,3,2,2,2,2,3,2,"Eustress (Positive Stress) - Stress that motivates and enhances performance."
"383","1",18,3,5,1,1,1,1,1,5,1,2,2,2,4,1,1,1,1,5,5,5,5,4,5,"Eustress (Positive Stress) - Stress that motivates and enhances performance."
"384","1",19,2,2,4,3,5,3,2,1,2,4,4,1,1,1,4,2,5,1,1,1,1,3,1,"Eustress (Positive Stress) - Stress that motivates and enhances performance."
"385","0",17,1,4,2,1,3,5,4,2,5,1,3,1,2,2,1,2,2,3,3,4,4,2,4,"Eustress (Positive Stress) - Stress that motivates and enhances performance."
"386","1",19,2,3,2,2,1,1,1,1,2,1,3,4,2,1,5,2,3,2,3,4,2,5,2,"Eustress (Positive Stress) - Stress that motivates and enhances performance."
"387","0",18,3,3,4,1,2,3,2,5,1,1,2,2,4,1,1,1,1,4,3,1,2,3,2,"Eustress (Positive Stress) - Stress that motivates and enhances performance."
"388","0",20,3,4,3,3,3,4,4,1,2,1,2,3,2,3,1,2,2,3,2,1,1,1,4,"Eustress (Positive Stress) - Stress that motivates and enhances performance."
"389","1",18,5,5,5,5,5,5,5,5,5,2,3,4,3,2,1,2,2,3,5,5,5,3,5,"Distress (Negative Stress) - Stress that causes anxiety and impairs well-being."
"390","0",18,2,3,4,1,2,1,2,4,3,1,2,3,1,1,1,1,1,1,3,2,2,2,4,"Eustress (Positive Stress) - Stress that motivates and enhances performance."
"391","0",20,2,3,1,2,4,2,2,5,3,3,3,5,5,1,3,4,2,2,5,4,4,3,3,"Eustress (Positive Stress) - Stress that motivates and enhances performance."
"392","1",19,5,4,2,4,2,5,5,3,5,2,5,5,5,1,1,2,5,3,2,3,3,3,3,"Eustress (Positive Stress) - Stress that motivates and enhances performance."
"393","1",20,3,2,3,4,1,1,2,2,1,2,1,2,1,2,1,2,3,1,3,3,3,3,2,"Eustress (Positive Stress) - Stress that motivates and enhances performance."
"394","0",19,4,2,2,3,1,1,4,5,4,2,2,4,2,2,1,3,5,2,2,2,4,4,2,"Eustress (Positive Stress) - Stress that motivates and enhances performance."
"395","1",19,5,5,5,5,5,5,5,3,4,4,4,3,3,2,1,2,4,1,2,2,3,1,2,"Eustress (Positive Stress) - Stress that motivates and enhances performance."
"396","0",20,2,5,2,2,3,1,2,4,3,1,1,4,5,1,1,1,1,3,4,1,1,2,3,"Eustress (Positive Stress) - Stress that motivates and enhances performance."
"397","0",18,2,1,1,1,2,1,3,2,2,2,2,2,3,2,1,1,1,2,1,1,3,3,3,"No Stress - Currently experiencing minimal to no stress."
"398","0",18,2,1,4,4,1,1,2,3,2,2,3,3,2,2,1,1,1,1,2,2,1,1,3,"No Stress - Currently experiencing minimal to no stress."
"399","0",21,3,2,2,3,1,1,2,2,3,2,1,2,3,2,5,4,3,1,1,1,1,3,2,"Eustress (Positive Stress) - Stress that motivates and enhances performance."
"400","0",18,2,2,2,2,2,3,2,2,3,3,3,2,2,2,2,3,3,3,3,3,3,2,2,"Eustress (Positive Stress) - Stress that motivates and enhances performance."
"401","1",24,5,5,4,5,5,4,3,2,3,1,1,2,3,5,3,5,5,5,4,4,5,5,5,"Distress (Negative Stress) - Stress that causes anxiety and impairs well-being."
"402","0",21,4,3,3,4,2,2,3,2,3,3,1,1,2,1,2,2,4,1,3,2,2,1,3,"Eustress (Positive Stress) - Stress that motivates and enhances performance."
"403","1",21,3,2,2,2,4,3,1,2,2,1,1,2,2,2,3,2,2,2,2,2,2,2,2,"Eustress (Positive Stress) - Stress that motivates and enhances performance."
"404","1",19,3,3,1,3,2,2,1,1,2,1,1,2,2,2,2,1,5,3,1,3,5,4,2,"Eustress (Positive Stress) - Stress that motivates and enhances performance."
"405","1",18,1,3,3,1,3,4,1,1,2,2,1,2,1,2,1,2,1,2,3,1,1,1,1,"No Stress - Currently experiencing minimal to no stress."
"406","0",20,3,2,1,2,2,3,1,1,4,5,4,2,2,4,2,2,1,3,5,3,3,4,1,"Eustress (Positive Stress) - Stress that motivates and enhances performance."
"407","0",20,3,2,1,2,5,5,5,5,5,3,4,4,4,3,3,2,1,2,4,3,2,2,2,"Eustress (Positive Stress) - Stress that motivates and enhances performance."
"408","0",20,4,3,4,4,2,2,3,1,2,4,3,1,1,4,5,1,1,1,1,1,4,2,2,"Eustress (Positive Stress) - Stress that motivates and enhances performance."
"409","0",19,3,3,2,1,1,2,3,2,3,1,1,2,2,2,3,2,1,1,1,1,1,1,2,"No Stress - Currently experiencing minimal to no stress."
"410","0",19,4,2,3,2,1,1,3,2,3,3,1,2,3,3,2,2,1,1,1,1,1,4,4,"Eustress (Positive Stress) - Stress that motivates and enhances performance."
"411","0",17,2,2,1,1,3,2,1,2,2,1,1,2,1,2,3,2,5,4,3,1,2,4,3,"Eustress (Positive Stress) - Stress that motivates and enhances performance."
"412","0",17,1,1,1,1,1,1,1,1,2,1,1,3,3,2,2,2,2,3,3,1,2,3,1,"No Stress - Currently experiencing minimal to no stress."
"413","1",18,2,3,1,1,3,2,5,3,2,3,1,1,1,2,3,5,3,5,5,1,3,5,1,"Eustress (Positive Stress) - Stress that motivates and enhances performance."
"414","0",20,4,3,1,3,1,1,2,3,3,2,1,3,1,1,2,1,2,2,4,4,5,4,1,"Eustress (Positive Stress) - Stress that motivates and enhances performance."
"415","0",18,2,2,1,1,3,3,3,4,1,2,4,1,1,2,2,2,3,2,2,1,1,5,3,"Eustress (Positive Stress) - Stress that motivates and enhances performance."
"416","0",18,2,2,1,4,1,1,1,2,3,1,3,1,1,2,2,2,2,1,5,1,1,5,2,"Eustress (Positive Stress) - Stress that motivates and enhances performance."
"417","0",19,4,4,3,1,3,2,1,2,2,3,1,3,1,3,2,4,1,1,1,5,5,4,4,"Eustress (Positive Stress) - Stress that motivates and enhances performance."
"418","1",18,4,3,3,3,4,2,1,2,3,2,2,2,1,2,3,3,3,2,3,2,2,4,3,"Eustress (Positive Stress) - Stress that motivates and enhances performance."
"419","0",20,3,2,1,1,3,2,1,2,3,2,1,2,4,1,2,1,2,2,2,2,3,2,1,"No Stress - Currently experiencing minimal to no stress."
"420","1",20,2,3,1,4,2,3,2,2,3,1,1,1,3,3,2,3,3,2,3,1,2,4,2,"Eustress (Positive Stress) - Stress that motivates and enhances performance."
"421","1",20,4,2,2,4,1,4,5,4,2,2,2,3,1,1,3,2,1,2,3,2,1,4,2,"Eustress (Positive Stress) - Stress that motivates and enhances performance."
"422","0",19,5,4,4,1,1,1,5,1,2,1,1,2,2,2,3,2,4,4,4,3,4,5,3,"Eustress (Positive Stress) - Stress that motivates and enhances performance."
"423","0",19,3,2,2,5,5,5,5,3,3,3,1,2,1,2,1,1,2,2,1,2,3,4,3,"Eustress (Positive Stress) - Stress that motivates and enhances performance."
"424","1",20,2,2,2,3,2,2,2,3,2,3,1,1,1,1,2,3,1,1,1,2,3,4,2,"Eustress (Positive Stress) - Stress that motivates and enhances performance."
"425","0",20,5,2,1,4,4,4,4,4,2,2,3,2,2,1,1,1,3,2,3,5,5,1,3,"Eustress (Positive Stress) - Stress that motivates and enhances performance."
"426","0",19,2,3,1,4,2,1,4,4,3,2,1,1,1,3,2,2,1,3,4,4,1,2,1,"Eustress (Positive Stress) - Stress that motivates and enhances performance."
"427","0",19,1,1,1,5,5,5,5,5,1,1,4,3,1,1,1,2,1,1,2,1,1,1,1,"Eustress (Positive Stress) - Stress that motivates and enhances performance."
"428","0",19,3,4,5,2,1,1,2,4,3,2,1,3,1,3,2,2,1,1,2,2,2,4,4,"Eustress (Positive Stress) - Stress that motivates and enhances performance."
"429","0",20,3,2,2,2,1,2,3,4,4,2,3,2,3,1,1,2,4,4,4,2,3,2,1,"Eustress (Positive Stress) - Stress that motivates and enhances performance."
"430","0",21,4,2,1,2,3,1,3,3,2,2,1,2,1,3,3,1,3,2,2,2,2,2,2,"Eustress (Positive Stress) - Stress that motivates and enhances performance."
"431","0",19,3,2,1,2,3,4,4,3,3,5,4,1,4,1,1,2,3,2,2,2,3,2,2,"Eustress (Positive Stress) - Stress that motivates and enhances performance."
"432","0",24,3,2,3,3,4,2,1,3,5,2,1,2,1,3,2,3,2,1,3,2,2,4,2,"Eustress (Positive Stress) - Stress that motivates and enhances performance."
"433","0",20,3,2,2,3,4,3,4,4,5,5,1,2,3,4,2,4,2,1,1,2,3,3,1,"Eustress (Positive Stress) - Stress that motivates and enhances performance."
"434","0",19,2,3,3,3,2,3,2,1,3,1,3,2,1,3,2,2,2,4,5,2,2,4,2,"Eustress (Positive Stress) - Stress that motivates and enhances performance."
"435","0",19,4,3,3,2,3,4,2,3,2,4,1,2,4,2,3,2,4,2,2,2,3,4,4,"Eustress (Positive Stress) - Stress that motivates and enhances performance."
"436","0",19,2,2,1,1,2,2,2,1,3,1,1,3,4,5,5,5,1,1,1,2,1,3,3,"Eustress (Positive Stress) - Stress that motivates and enhances performance."
"437","0",20,2,2,1,1,2,2,2,4,4,5,5,2,2,2,3,4,5,4,5,3,3,3,3,"Eustress (Positive Stress) - Stress that motivates and enhances performance."
"438","1",19,4,3,4,4,5,2,2,4,4,3,2,4,1,3,2,3,2,2,3,1,1,2,3,"Eustress (Positive Stress) - Stress that motivates and enhances performance."
"439","0",18,3,4,3,5,5,5,3,1,4,4,4,3,2,1,2,3,3,3,5,2,3,4,1,"Eustress (Positive Stress) - Stress that motivates and enhances performance."
"440","1",19,4,3,2,3,3,1,4,5,5,4,2,1,2,4,1,2,1,1,1,1,1,3,2,"Eustress (Positive Stress) - Stress that motivates and enhances performance."
"441","1",19,2,2,1,3,2,4,4,3,5,5,5,3,1,3,3,2,3,3,4,2,4,3,3,"Eustress (Positive Stress) - Stress that motivates and enhances performance."
"442","0",19,3,3,2,2,3,1,4,4,1,2,1,2,3,1,1,3,2,2,2,3,2,4,1,"Eustress (Positive Stress) - Stress that motivates and enhances performance."
"443","0",19,1,2,1,5,4,5,5,4,4,2,1,3,2,2,2,3,2,1,2,3,3,4,3,"Eustress (Positive Stress) - Stress that motivates and enhances performance."
"444","1",19,2,2,1,3,4,3,5,5,2,2,3,3,2,1,2,1,1,2,3,3,1,3,2,"Eustress (Positive Stress) - Stress that motivates and enhances performance."
"445","0",20,4,2,1,4,4,4,1,2,1,2,3,3,1,1,1,2,3,1,3,4,2,3,3,"Eustress (Positive Stress) - Stress that motivates and enhances performance."
"446","0",20,3,2,3,2,5,4,4,2,3,3,4,2,2,2,1,1,1,1,1,1,1,4,2,"Eustress (Positive Stress) - Stress that motivates and enhances performance."
"447","1",20,1,1,1,5,5,5,2,2,5,3,4,2,1,1,3,2,2,1,3,3,2,4,3,"Eustress (Positive Stress) - Stress that motivates and enhances performance."
"448","1",19,3,4,4,2,1,2,1,2,2,4,3,3,3,1,1,1,2,3,3,3,2,3,1,"Eustress (Positive Stress) - Stress that motivates and enhances performance."
"449","0",19,1,2,1,3,4,2,3,3,3,3,3,2,3,1,3,2,2,2,2,3,2,3,3,"Eustress (Positive Stress) - Stress that motivates and enhances performance."
"450","0",20,3,3,3,3,2,2,5,3,3,1,1,2,2,3,1,1,2,1,1,2,1,4,1,"Eustress (Positive Stress) - Stress that motivates and enhances performance."
"451","0",20,4,3,1,4,1,2,2,4,3,1,3,3,2,1,3,3,1,2,3,2,2,3,1,"Eustress (Positive Stress) - Stress that motivates and enhances performance."
"452","0",20,2,2,4,3,3,3,3,3,3,3,3,1,1,4,1,1,2,1,1,1,1,1,3,"Eustress (Positive Stress) - Stress that motivates and enhances performance."
"453","0",20,5,2,4,1,4,5,4,2,2,2,2,3,2,1,3,2,3,2,2,3,2,4,2,"Eustress (Positive Stress) - Stress that motivates and enhances performance."
"454","1",21,4,3,1,1,1,5,1,2,1,1,3,4,2,3,4,2,4,2,3,2,2,2,1,"Eustress (Positive Stress) - Stress that motivates and enhances performance."
"455","1",19,2,2,5,5,5,5,3,3,3,1,2,2,2,1,3,2,2,2,2,2,2,3,3,"Eustress (Positive Stress) - Stress that motivates and enhances performance."
"456","1",20,3,2,3,2,2,2,3,2,3,1,2,2,2,4,2,3,2,2,3,2,2,2,1,"Eustress (Positive Stress) - Stress that motivates and enhances performance."
"457","1",21,3,4,4,4,4,4,4,2,2,3,3,2,3,4,5,5,5,4,4,2,2,5,3,"Distress (Negative Stress) - Stress that causes anxiety and impairs well-being."
"458","1",19,2,2,4,2,1,4,4,3,2,1,2,3,2,2,2,3,4,2,3,1,2,4,1,"Eustress (Positive Stress) - Stress that motivates and enhances performance."
"459","1",22,3,4,5,5,5,5,5,1,1,4,2,5,4,1,3,2,3,4,5,4,1,5,4,"Distress (Negative Stress) - Stress that causes anxiety and impairs well-being."
"460","1",21,1,1,2,1,1,2,4,3,2,1,1,4,1,2,1,1,1,1,4,4,3,3,1,"No Stress - Currently experiencing minimal to no stress."
"461","1",22,2,3,2,1,2,3,4,4,2,3,3,4,2,4,2,4,2,3,4,2,3,4,2,"Eustress (Positive Stress) - Stress that motivates and enhances performance."
"462","0",20,1,2,2,3,1,3,3,2,2,1,2,3,4,1,2,4,1,2,1,2,2,2,2,"Eustress (Positive Stress) - Stress that motivates and enhances performance."
"463","1",22,3,4,2,3,4,4,3,3,5,4,4,1,2,3,1,3,3,2,3,3,2,3,5,"Eustress (Positive Stress) - Stress that motivates and enhances performance."
"464","0",22,4,3,3,4,2,1,3,5,2,1,1,1,2,2,3,1,1,3,2,1,2,3,2,"Eustress (Positive Stress) - Stress that motivates and enhances performance."
"465","0",19,3,3,3,4,3,4,4,5,5,1,4,1,2,3,2,2,2,3,2,4,4,4,1,"Eustress (Positive Stress) - Stress that motivates and enhances performance."
"466","1",19,2,2,3,2,3,2,1,3,1,3,1,1,2,3,2,1,2,1,1,2,2,1,1,"No Stress - Currently experiencing minimal to no stress."
"467","0",19,3,2,2,3,4,2,3,2,4,1,1,2,2,3,1,1,1,2,3,1,1,1,1,"Eustress (Positive Stress) - Stress that motivates and enhances performance."
"468","0",19,3,2,1,2,2,2,1,3,1,1,1,3,5,2,2,2,1,1,1,3,2,3,1,"No Stress - Currently experiencing minimal to no stress."
"469","1",19,4,2,1,2,2,2,4,4,5,5,3,1,1,2,1,1,3,2,2,1,3,4,1,"Eustress (Positive Stress) - Stress that motivates and enhances performance."
"470","1",20,4,2,4,5,2,2,4,4,3,2,1,3,2,3,3,1,1,1,2,1,1,2,2,"Eustress (Positive Stress) - Stress that motivates and enhances performance."
"471","0",19,3,2,5,5,5,3,1,4,4,4,1,1,2,2,3,1,3,2,2,1,1,2,1,"Eustress (Positive Stress) - Stress that motivates and enhances performance."
"472","1",19,3,2,3,3,1,4,5,5,4,2,1,3,2,2,2,3,1,1,2,4,4,4,4,"Eustress (Positive Stress) - Stress that motivates and enhances performance."
"473","0",19,3,2,3,2,4,4,3,5,5,5,3,1,1,2,2,1,3,3,1,3,2,2,4,"Eustress (Positive Stress) - Stress that motivates and enhances performance."
"474","0",20,3,2,2,3,1,4,4,1,2,1,1,3,3,1,1,4,1,1,2,3,2,2,2,"Eustress (Positive Stress) - Stress that motivates and enhances performance."
"475","0",21,3,2,5,4,5,5,4,4,2,1,4,1,1,2,2,1,3,2,3,2,1,3,1,"Eustress (Positive Stress) - Stress that motivates and enhances performance."
"476","0",19,3,2,3,4,3,5,5,2,2,3,1,3,2,3,2,3,4,2,4,2,1,1,1,"Eustress (Positive Stress) - Stress that motivates and enhances performance."
"477","0",19,3,3,4,4,4,1,2,1,2,3,3,4,2,4,2,1,3,2,2,2,4,5,3,"Eustress (Positive Stress) - Stress that motivates and enhances performance."
"478","1",21,4,2,2,5,4,4,2,3,3,4,1,3,2,2,2,4,2,3,2,4,2,2,3,"Eustress (Positive Stress) - Stress that motivates and enhances performance."
"479","0",20,3,2,5,5,5,2,2,5,3,4,4,2,3,2,3,4,5,5,5,1,1,1,1,"Eustress (Positive Stress) - Stress that motivates and enhances performance."
"480","1",19,3,2,2,1,2,1,2,2,4,3,4,5,5,5,2,2,2,3,4,5,4,5,5,"Eustress (Positive Stress) - Stress that motivates and enhances performance."
"481","1",21,1,1,3,4,2,3,3,3,3,3,2,2,3,4,4,1,3,2,3,2,2,3,1,"Eustress (Positive Stress) - Stress that motivates and enhances performance."
"482","1",19,4,5,3,2,2,5,3,3,1,1,1,3,2,3,1,1,1,1,1,1,1,1,1,"Eustress (Positive Stress) - Stress that motivates and enhances performance."
"483","0",17,2,2,4,1,2,2,4,3,1,3,2,1,2,3,4,3,4,2,3,3,3,3,2,"Eustress (Positive Stress) - Stress that motivates and enhances performance."
"484","0",100,5,1,3,3,3,3,3,3,3,3,2,4,1,2,3,2,2,3,3,2,2,3,2,"Eustress (Positive Stress) - Stress that motivates and enhances performance."
"485","0",18,4,3,1,3,2,3,2,1,2,3,1,3,3,2,3,2,2,2,2,2,3,2,2,"Eustress (Positive Stress) - Stress that motivates and enhances performance."
"486","0",19,2,1,2,1,4,2,3,1,2,2,3,1,1,3,2,3,2,2,3,3,2,2,3,"Eustress (Positive Stress) - Stress that motivates and enhances performance."
"487","0",18,4,3,2,3,3,2,3,1,2,3,2,2,2,3,2,2,3,2,1,2,3,2,2,"Eustress (Positive Stress) - Stress that motivates and enhances performance."
"488","0",19,3,3,1,2,2,2,3,1,2,3,2,1,2,1,2,2,3,3,3,2,2,2,2,"Eustress (Positive Stress) - Stress that motivates and enhances performance."
"489","0",18,4,4,3,4,3,3,5,2,2,3,1,1,1,2,3,2,3,1,1,2,3,5,2,"Eustress (Positive Stress) - Stress that motivates and enhances performance."
"490","1",18,2,4,1,2,2,3,2,3,5,2,2,2,1,1,3,2,3,3,1,1,2,1,2,"Eustress (Positive Stress) - Stress that motivates and enhances performance."
"491","0",17,4,4,3,5,1,2,2,1,1,2,1,1,3,2,1,2,2,1,1,2,2,2,1,"Eustress (Positive Stress) - Stress that motivates and enhances performance."
"492","0",18,5,4,1,3,3,3,2,3,2,3,3,1,1,1,1,1,2,1,1,2,2,2,2,"Eustress (Positive Stress) - Stress that motivates and enhances performance."
"493","0",17,3,2,1,2,2,2,3,1,2,2,3,1,3,2,5,3,2,3,1,3,2,4,2,"Eustress (Positive Stress) - Stress that motivates and enhances performance."
"494","0",18,3,2,1,4,3,3,1,2,1,2,2,3,1,1,2,3,3,2,1,2,3,3,3,"Eustress (Positive Stress) - Stress that motivates and enhances performance."
"495","1",18,3,3,1,2,3,2,3,2,3,3,2,1,3,3,3,4,1,2,4,1,2,1,1,"Eustress (Positive Stress) - Stress that motivates and enhances performance."
"496","0",19,3,4,1,2,2,1,2,1,1,1,1,4,1,1,1,2,3,1,3,3,2,3,3,"Eustress (Positive Stress) - Stress that motivates and enhances performance."
"497","1",19,5,5,5,5,2,3,2,3,2,3,2,1,3,2,1,2,2,3,1,1,3,2,2,"Eustress (Positive Stress) - Stress that motivates and enhances performance."
"498","1",19,3,3,2,2,3,3,2,2,3,4,2,3,4,2,1,2,3,2,2,2,3,2,1,"Eustress (Positive Stress) - Stress that motivates and enhances performance."
"499","0",18,1,1,1,1,1,1,1,1,2,2,2,1,3,2,1,2,3,2,1,2,1,1,2,"No Stress - Currently experiencing minimal to no stress."
"500","0",19,5,5,4,5,2,2,2,1,2,2,2,4,2,3,2,2,3,1,1,1,2,3,1,"Eustress (Positive Stress) - Stress that motivates and enhances performance."
"501","1",19,2,2,1,2,2,3,5,4,5,2,2,4,1,4,5,4,2,2,2,1,1,1,1,"Eustress (Positive Stress) - Stress that motivates and enhances performance."
"502","0",18,3,2,4,4,5,2,1,5,5,5,3,1,1,1,5,1,2,1,1,3,2,2,1,"Eustress (Positive Stress) - Stress that motivates and enhances performance."
"503","0",17,1,1,1,1,1,1,5,3,3,1,4,5,5,5,5,3,3,3,1,1,1,2,3,"Eustress (Positive Stress) - Stress that motivates and enhances performance."
"504","0",19,4,3,2,3,4,2,5,3,2,4,4,3,2,2,2,3,2,3,1,3,2,2,2,"Eustress (Positive Stress) - Stress that motivates and enhances performance."
"505","0",18,4,4,2,4,1,1,3,2,3,1,4,4,4,4,4,4,2,2,3,1,1,2,1,"Eustress (Positive Stress) - Stress that motivates and enhances performance."
"506","0",19,2,1,1,1,5,5,4,5,4,5,5,4,2,1,4,4,3,2,1,3,3,1,2,"Eustress (Positive Stress) - Stress that motivates and enhances performance."
"507","0",21,4,4,2,3,3,2,5,3,4,3,5,5,5,5,5,5,1,1,4,1,1,2,1,"Eustress (Positive Stress) - Stress that motivates and enhances performance."
"508","0",20,4,3,2,4,4,2,4,4,4,4,1,2,1,1,2,4,3,2,1,3,2,3,2,"Eustress (Positive Stress) - Stress that motivates and enhances performance."
"509","0",20,5,4,2,3,4,1,3,2,5,4,4,2,1,2,3,4,4,2,3,4,2,4,2,"Eustress (Positive Stress) - Stress that motivates and enhances performance."
"510","1",21,4,5,3,4,5,5,5,5,5,5,2,2,3,1,3,3,2,2,1,3,2,2,2,"Eustress (Positive Stress) - Stress that motivates and enhances performance."
"511","0",20,2,3,2,1,2,1,1,2,1,2,1,2,3,4,4,3,3,5,4,3,4,1,2,"Eustress (Positive Stress) - Stress that motivates and enhances performance."
"512","0",20,4,3,2,4,2,5,1,3,4,2,3,3,4,2,1,3,5,2,1,1,3,5,4,"Eustress (Positive Stress) - Stress that motivates and enhances performance."
"513","0",20,5,4,5,5,2,3,1,3,2,2,5,3,4,3,4,4,5,5,1,5,5,5,1,"Distress (Negative Stress) - Stress that causes anxiety and impairs well-being."
"514","0",21,5,4,3,5,2,5,5,5,2,3,2,3,2,3,2,1,3,1,3,3,5,4,1,"Eustress (Positive Stress) - Stress that motivates and enhances performance."
"515","0",20,5,4,2,5,3,3,2,2,3,3,2,2,3,4,2,3,2,4,1,4,5,4,3,"Eustress (Positive Stress) - Stress that motivates and enhances performance."
"516","0",21,2,1,1,1,3,1,1,1,1,1,1,1,2,2,2,1,3,1,1,1,5,1,1,"No Stress - Currently experiencing minimal to no stress."
"517","0",19,4,5,5,4,4,5,4,5,2,2,2,1,2,2,2,4,4,5,5,5,5,3,5,"Distress (Negative Stress) - Stress that causes anxiety and impairs well-being."
"518","0",21,2,1,1,2,5,2,1,2,2,3,5,4,5,2,2,4,4,3,2,2,2,3,2,"Eustress (Positive Stress) - Stress that motivates and enhances performance."
"519","0",20,4,4,4,4,3,2,4,4,5,2,1,5,5,5,3,1,4,4,4,4,4,4,3,"Distress (Negative Stress) - Stress that causes anxiety and impairs well-being."
"520","0",20,4,2,2,3,4,1,1,1,1,1,5,3,3,1,4,5,5,4,2,1,4,4,2,"Eustress (Positive Stress) - Stress that motivates and enhances performance."
"521","0",21,5,5,5,5,5,3,2,3,4,2,5,3,2,4,4,3,5,5,5,5,5,5,5,"Distress (Negative Stress) - Stress that causes anxiety and impairs well-being."
"522","1",21,3,3,1,2,2,4,2,4,1,1,3,2,3,1,4,4,1,2,1,1,2,4,3,"Eustress (Positive Stress) - Stress that motivates and enhances performance."
"523","1",21,5,5,5,5,1,1,1,1,5,5,4,5,4,5,5,4,4,2,1,2,3,4,3,"Eustress (Positive Stress) - Stress that motivates and enhances performance."
"524","0",22,2,1,2,3,1,4,2,3,3,2,5,3,4,3,5,5,2,2,3,1,3,3,3,"Eustress (Positive Stress) - Stress that motivates and enhances performance."
"525","0",20,4,4,3,4,1,3,2,4,4,2,4,4,4,4,1,2,1,2,3,4,4,3,4,"Eustress (Positive Stress) - Stress that motivates and enhances performance."
"526","0",22,2,3,1,2,3,4,2,3,4,1,3,2,5,4,4,2,3,3,4,2,1,3,2,"Eustress (Positive Stress) - Stress that motivates and enhances performance."
"527","1",20,4,4,4,5,4,5,3,4,5,5,5,5,5,5,2,2,5,3,4,3,4,4,3,"Distress (Negative Stress) - Stress that causes anxiety and impairs well-being."
"528","0",20,3,2,2,2,4,3,2,1,2,1,1,2,1,2,1,2,2,4,3,3,2,4,2,"Eustress (Positive Stress) - Stress that motivates and enhances performance."
"529","0",20,2,3,3,3,4,3,2,4,2,5,1,3,4,2,3,3,3,3,3,3,3,3,3,"Eustress (Positive Stress) - Stress that motivates and enhances performance."
"530","1",21,1,1,1,2,1,4,5,5,2,3,1,3,2,2,5,3,3,1,1,1,5,4,1,"Eustress (Positive Stress) - Stress that motivates and enhances performance."
"531","0",21,3,2,1,3,2,4,3,5,2,1,3,4,1,2,2,4,3,1,3,2,2,2,1,"Eustress (Positive Stress) - Stress that motivates and enhances performance."
"532","0",20,4,4,2,5,3,4,2,5,3,4,2,3,3,3,3,3,3,3,3,3,4,4,4,"Eustress (Positive Stress) - Stress that motivates and enhances performance."
"533","1",20,3,4,2,5,1,2,1,2,2,3,1,5,1,2,3,1,4,1,2,1,3,1,2,"Eustress (Positive Stress) - Stress that motivates and enhances performance."
"534","1",20,2,3,2,1,1,1,1,4,2,1,2,1,2,4,3,2,1,1,3,2,1,4,2,"Eustress (Positive Stress) - Stress that motivates and enhances performance."
"535","0",20,5,4,2,2,1,3,4,2,3,2,3,4,5,2,2,2,2,1,4,1,1,2,1,"Eustress (Positive Stress) - Stress that motivates and enhances performance."
"536","0",20,3,4,3,2,2,3,4,3,5,2,4,1,2,3,1,1,2,1,2,1,1,5,3,"Eustress (Positive Stress) - Stress that motivates and enhances performance."
"537","1",20,3,3,3,3,3,3,3,3,3,3,3,3,3,3,3,3,3,3,3,3,3,3,2,"Eustress (Positive Stress) - Stress that motivates and enhances performance."
"538","0",20,3,4,3,4,1,2,4,3,3,1,3,4,4,3,1,2,3,2,3,2,3,4,4,"Eustress (Positive Stress) - Stress that motivates and enhances performance."
"539","1",20,2,2,1,1,1,1,2,2,1,1,1,1,1,2,2,1,2,2,3,1,2,5,2,"No Stress - Currently experiencing minimal to no stress."
"540","0",20,5,5,5,5,5,5,5,5,5,5,5,5,5,5,5,5,5,5,5,5,5,5,5,"Distress (Negative Stress) - Stress that causes anxiety and impairs well-being."
"541","1",20,3,2,1,1,1,2,2,3,2,2,2,1,2,3,1,1,2,1,2,1,2,1,1,"No Stress - Currently experiencing minimal to no stress."
"542","0",21,3,4,2,3,2,2,2,1,2,3,1,1,2,1,2,1,2,1,2,3,3,1,2,"Eustress (Positive Stress) - Stress that motivates and enhances performance."
"543","0",19,2,1,2,2,2,5,2,2,2,2,2,1,2,2,2,3,3,1,1,1,3,5,1,"Eustress (Positive Stress) - Stress that motivates and enhances performance."
"544","0",20,5,3,2,2,2,1,2,5,3,2,3,2,2,2,1,1,3,5,2,1,3,3,1,"Eustress (Positive Stress) - Stress that motivates and enhances performance."
"545","1",20,3,4,2,2,2,2,2,3,4,2,4,2,2,2,2,1,3,3,2,2,2,2,2,"Eustress (Positive Stress) - Stress that motivates and enhances performance."
"546","0",18,3,2,2,2,2,2,3,3,1,2,3,2,2,2,2,2,2,2,2,2,2,1,2,"Eustress (Positive Stress) - Stress that motivates and enhances performance."
"547","0",20,5,2,2,2,3,3,2,2,1,2,1,2,2,3,2,2,2,1,1,1,2,2,1,"Eustress (Positive Stress) - Stress that motivates and enhances performance."
"548","1",19,4,4,3,3,2,3,3,2,2,3,4,3,4,4,3,3,2,2,2,3,2,3,3,"Eustress (Positive Stress) - Stress that motivates and enhances performance."
"549","0",18,3,2,1,4,2,2,4,4,4,2,1,2,1,1,2,1,5,1,1,1,3,3,3,"Eustress (Positive Stress) - Stress that motivates and enhances performance."
"550","0",19,4,5,4,1,2,2,2,2,1,1,3,2,3,1,2,2,5,4,3,4,4,2,3,"Eustress (Positive Stress) - Stress that motivates and enhances performance."
"551","1",18,1,1,4,4,4,4,2,3,1,1,1,1,5,4,1,1,5,1,2,1,1,4,2,"Eustress (Positive Stress) - Stress that motivates and enhances performance."
"552","1",19,3,4,1,1,2,2,5,4,3,1,1,2,1,3,1,2,5,3,2,3,1,1,1,"Eustress (Positive Stress) - Stress that motivates and enhances performance."
"553","0",18,3,4,2,1,5,4,3,3,4,4,3,3,2,3,3,3,2,1,1,5,4,4,1,"Eustress (Positive Stress) - Stress that motivates and enhances performance."
"554","0",20,1,2,2,4,1,1,4,3,3,1,3,3,1,1,2,1,5,1,2,1,3,1,2,"Eustress (Positive Stress) - Stress that motivates and enhances performance."
"555","1",19,2,3,3,1,2,1,4,4,2,4,3,2,3,1,2,2,3,4,1,1,3,2,1,"Eustress (Positive Stress) - Stress that motivates and enhances performance."
"556","0",19,2,2,2,1,2,2,5,4,3,4,3,2,2,4,1,1,1,2,3,2,4,1,3,"Eustress (Positive Stress) - Stress that motivates and enhances performance."
"557","1",18,5,5,3,1,4,3,3,2,1,1,1,2,5,1,1,1,1,2,1,1,5,1,2,"Eustress (Positive Stress) - Stress that motivates and enhances performance."
"558","1",19,1,1,2,2,2,2,3,2,4,3,3,2,4,4,4,2,2,3,4,2,3,2,2,"Eustress (Positive Stress) - Stress that motivates and enhances performance."
"559","1",19,3,4,1,2,2,1,3,4,4,1,3,3,2,1,1,1,1,2,3,3,2,3,3,"Eustress (Positive Stress) - Stress that motivates and enhances performance."
"560","1",19,3,4,2,3,3,4,3,2,1,2,5,4,3,1,2,2,3,2,1,2,3,5,3,"Eustress (Positive Stress) - Stress that motivates and enhances performance."
"561","1",21,4,4,4,1,4,4,4,4,2,2,3,2,3,4,2,5,2,2,3,5,3,4,2,"Eustress (Positive Stress) - Stress that motivates and enhances performance."
"562","0",19,3,2,2,3,3,1,5,4,2,1,3,2,3,1,2,2,3,4,3,3,4,2,2,"Eustress (Positive Stress) - Stress that motivates and enhances performance."
"563","0",19,4,4,4,2,5,5,4,3,3,5,3,3,3,1,2,3,2,1,1,2,1,5,1,"Eustress (Positive Stress) - Stress that motivates and enhances performance."
"564","0",14,2,2,1,1,1,1,3,4,2,1,2,1,2,1,1,1,1,2,1,1,4,1,1,"No Stress - Currently experiencing minimal to no stress."
"565","1",19,2,3,1,1,3,4,4,4,3,4,1,2,3,2,3,4,3,2,3,2,3,3,2,"Eustress (Positive Stress) - Stress that motivates and enhances performance."
"566","1",19,5,4,3,1,3,1,1,1,2,3,3,2,3,2,3,3,2,3,3,3,3,3,3,"Eustress (Positive Stress) - Stress that motivates and enhances performance."
"567","1",17,3,3,4,4,3,4,5,2,1,4,4,4,3,3,2,2,3,2,2,3,4,3,2,"Eustress (Positive Stress) - Stress that motivates and enhances performance."
"568","1",20,4,3,3,1,3,4,4,4,2,1,2,2,2,1,1,1,1,3,2,1,2,2,3,"Eustress (Positive Stress) - Stress that motivates and enhances performance."
"569","0",21,4,4,2,4,5,5,4,5,4,4,4,4,4,3,4,3,4,4,3,3,2,5,2,"Distress (Negative Stress) - Stress that causes anxiety and impairs well-being."
"570","0",19,5,4,3,4,3,1,2,1,4,2,4,3,1,2,3,1,4,1,1,1,1,3,3,"Eustress (Positive Stress) - Stress that motivates and enhances performance."
"571","0",36,3,2,1,1,3,5,4,5,5,3,4,4,4,4,2,2,2,2,3,4,3,3,3,"Eustress (Positive Stress) - Stress that motivates and enhances performance."
"572","0",21,3,2,4,3,3,2,1,5,2,3,2,1,2,2,2,2,1,4,3,1,1,3,4,"Eustress (Positive Stress) - Stress that motivates and enhances performance."
"573","0",21,3,4,4,1,2,3,4,4,4,4,5,4,5,5,1,1,3,1,1,2,3,4,2,"Eustress (Positive Stress) - Stress that motivates and enhances performance."
"574","0",19,3,2,1,2,2,1,1,1,2,1,2,4,1,1,5,5,2,4,3,2,3,5,1,"Eustress (Positive Stress) - Stress that motivates and enhances performance."
"575","0",19,4,4,2,2,1,3,2,2,3,3,4,3,2,2,1,1,1,1,1,1,4,3,3,"Eustress (Positive Stress) - Stress that motivates and enhances performance."
"576","1",20,5,4,2,1,2,3,2,3,4,4,1,4,4,1,1,1,1,2,2,2,1,3,1,"Eustress (Positive Stress) - Stress that motivates and enhances performance."
"577","1",19,4,3,3,5,2,1,1,2,2,2,1,1,1,1,3,1,2,1,1,1,3,3,4,"Eustress (Positive Stress) - Stress that motivates and enhances performance."
"578","1",19,3,4,2,1,1,3,2,4,2,3,5,2,1,5,4,2,1,1,5,3,1,3,3,"Eustress (Positive Stress) - Stress that motivates and enhances performance."
"579","1",19,4,4,3,4,2,2,2,3,4,5,5,5,4,5,4,3,1,2,3,5,2,2,3,"Eustress (Positive Stress) - Stress that motivates and enhances performance."
"580","1",20,1,1,2,3,4,3,2,3,4,5,1,1,3,2,2,1,2,3,3,3,4,3,1,"Eustress (Positive Stress) - Stress that motivates and enhances performance."
"581","0",22,5,2,2,2,3,2,3,3,4,5,3,2,3,1,2,1,5,5,5,4,5,5,2,"Eustress (Positive Stress) - Stress that motivates and enhances performance."
"582","0",19,4,4,2,2,2,2,2,2,1,2,2,4,4,2,3,4,3,4,2,2,3,4,2,"Eustress (Positive Stress) - Stress that motivates and enhances performance."
"583","0",19,4,5,4,2,5,3,2,3,2,2,2,1,3,1,2,3,2,2,2,2,1,3,2,"Eustress (Positive Stress) - Stress that motivates and enhances performance."
"584","0",19,3,2,2,2,3,4,2,4,2,2,2,5,5,1,5,5,5,5,5,5,5,5,1,"Eustress (Positive Stress) - Stress that motivates and enhances performance."
"585","0",18,4,2,5,3,3,1,2,3,2,2,2,2,1,4,3,3,1,3,3,1,3,5,3,"Eustress (Positive Stress) - Stress that motivates and enhances performance."
"586","0",28,2,2,1,2,2,1,2,1,2,2,3,3,1,4,4,2,4,3,2,3,4,5,3,"Eustress (Positive Stress) - Stress that motivates and enhances performance."
"587","1",19,3,4,2,3,2,2,3,4,3,4,4,1,2,2,3,4,1,1,3,2,2,5,5,"Eustress (Positive Stress) - Stress that motivates and enhances performance."
"588","0",20,4,3,2,4,4,4,2,1,2,1,1,4,1,1,1,2,3,2,4,1,5,1,5,"Eustress (Positive Stress) - Stress that motivates and enhances performance."
"589","0",20,4,4,4,2,2,1,1,3,2,3,1,1,1,1,1,2,1,1,5,1,1,3,4,"Eustress (Positive Stress) - Stress that motivates and enhances performance."
"590","0",19,5,5,2,2,3,1,1,1,1,5,4,4,4,2,2,3,4,2,3,2,5,5,2,"Eustress (Positive Stress) - Stress that motivates and enhances performance."
"591","0",19,4,3,2,5,4,3,1,1,2,1,3,1,1,1,1,2,3,3,2,3,4,4,2,"Eustress (Positive Stress) - Stress that motivates and enhances performance."
"592","0",21,4,2,3,3,3,4,4,3,3,2,3,1,2,2,3,2,1,2,3,5,5,4,3,"Eustress (Positive Stress) - Stress that motivates and enhances performance."
"593","0",41,2,1,4,4,3,3,1,3,3,1,1,4,2,5,2,2,3,5,3,4,2,4,2,"Eustress (Positive Stress) - Stress that motivates and enhances performance."
"594","0",18,3,3,3,4,4,2,4,3,2,3,1,1,2,2,3,4,3,3,4,2,5,5,2,"Eustress (Positive Stress) - Stress that motivates and enhances performance."
"595","0",21,2,2,5,5,4,3,4,3,2,2,4,1,2,3,2,1,1,2,1,5,1,4,1,"Eustress (Positive Stress) - Stress that motivates and enhances performance."
"596","0",32,4,3,1,3,2,1,1,1,2,5,1,1,1,1,1,2,1,1,4,1,3,2,4,"Eustress (Positive Stress) - Stress that motivates and enhances performance."
"597","0",20,3,2,3,3,2,4,3,3,2,4,4,2,3,4,3,2,3,2,3,3,4,3,2,"Eustress (Positive Stress) - Stress that motivates and enhances performance."
"598","0",21,4,2,3,3,4,4,1,3,3,2,1,2,3,3,2,3,3,3,3,3,4,4,2,"Eustress (Positive Stress) - Stress that motivates and enhances performance."
"599","1",19,2,2,3,3,2,1,2,5,4,3,1,3,2,2,3,2,2,3,4,3,2,2,1,"Eustress (Positive Stress) - Stress that motivates and enhances performance."
"600","1",19,2,2,3,4,4,2,2,3,2,3,4,1,1,1,1,3,2,1,2,2,2,5,5,"Eustress (Positive Stress) - Stress that motivates and enhances performance."
"601","0",19,5,5,5,5,4,2,1,3,2,3,1,3,4,3,4,4,3,3,2,5,5,3,1,"Eustress (Positive Stress) - Stress that motivates and enhances performance."
"602","0",20,3,2,3,4,3,3,5,3,3,3,1,2,3,1,4,1,1,1,1,3,2,5,3,"Eustress (Positive Stress) - Stress that motivates and enhances performance."
"603","0",19,4,3,3,3,4,2,1,2,1,2,1,4,2,2,2,2,3,4,3,3,5,3,2,"Eustress (Positive Stress) - Stress that motivates and enhances performance."
"604","1",18,3,2,3,4,4,3,4,1,2,3,2,2,2,2,1,4,3,1,1,3,4,5,2,"Eustress (Positive Stress) - Stress that motivates and enhances performance."
"605","0",18,3,4,2,1,1,2,3,3,2,3,2,5,1,1,3,1,1,2,3,4,3,3,2,"Eustress (Positive Stress) - Stress that motivates and enhances performance."
"606","0",37,3,2,2,5,2,1,4,4,4,3,3,1,5,5,2,4,3,2,3,5,4,3,5,"Eustress (Positive Stress) - Stress that motivates and enhances performance."
"607","1",15,2,1,1,4,4,2,1,2,2,2,1,2,1,1,1,1,1,1,4,3,1,3,1,"No Stress - Currently experiencing minimal to no stress."
"608","0",19,4,5,2,4,5,4,4,4,4,4,3,1,1,1,1,2,2,2,1,3,4,5,2,"Eustress (Positive Stress) - Stress that motivates and enhances performance."
"609","0",21,5,4,2,2,1,4,2,4,3,1,2,1,3,1,2,1,1,1,3,3,4,4,4,"Eustress (Positive Stress) - Stress that motivates and enhances performance."
"610","1",21,3,2,1,4,5,5,3,4,4,4,4,5,4,2,1,1,5,3,1,3,2,1,2,"Eustress (Positive Stress) - Stress that motivates and enhances performance."
"611","1",21,2,1,2,1,5,2,3,2,1,2,2,5,4,3,1,2,3,5,2,2,2,3,3,"Eustress (Positive Stress) - Stress that motivates and enhances performance."
"612","0",21,2,3,4,4,4,4,4,5,4,5,5,2,2,1,2,3,3,3,4,3,3,3,2,"Eustress (Positive Stress) - Stress that motivates and enhances performance."
"613","0",19,4,4,3,1,1,2,1,2,4,1,1,1,2,1,5,5,5,4,5,5,4,3,3,"Eustress (Positive Stress) - Stress that motivates and enhances performance."
"614","1",21,4,3,4,2,2,3,3,4,3,2,2,2,3,4,3,4,2,2,3,4,2,3,1,"Eustress (Positive Stress) - Stress that motivates and enhances performance."
"615","0",21,2,1,2,2,3,4,4,1,4,4,1,1,2,3,2,2,2,2,1,3,3,3,2,"Eustress (Positive Stress) - Stress that motivates and enhances performance."
"616","0",22,4,4,2,1,2,2,2,1,1,1,1,1,5,5,5,5,5,5,5,5,2,4,2,"Eustress (Positive Stress) - Stress that motivates and enhances performance."
"617","0",20,2,1,2,2,4,2,3,5,2,1,5,4,3,3,1,3,3,1,3,5,4,4,2,"Eustress (Positive Stress) - Stress that motivates and enhances performance."
"618","1",20,2,2,2,2,3,4,5,5,5,4,5,4,4,2,4,3,2,3,4,5,2,4,1,"Eustress (Positive Stress) - Stress that motivates and enhances performance."
"619","0",21,2,3,2,2,3,4,5,1,1,3,2,1,2,1,2,2,3,2,3,2,3,4,2,"Eustress (Positive Stress) - Stress that motivates and enhances performance."
"620","1",19,4,3,3,3,3,4,5,3,2,3,1,1,3,2,2,2,1,1,3,4,3,4,2,"Eustress (Positive Stress) - Stress that motivates and enhances performance."
"621","1",20,4,3,4,2,4,4,2,4,4,4,2,3,2,4,2,1,1,3,1,2,1,3,2,"Eustress (Positive Stress) - Stress that motivates and enhances performance."
"622","0",20,4,4,2,2,1,4,5,3,1,3,1,1,1,5,3,1,1,4,4,3,2,3,5,"Eustress (Positive Stress) - Stress that motivates and enhances performance."
"623","0",19,1,3,2,5,5,5,5,5,5,5,1,4,2,3,1,1,1,2,2,1,2,3,2,"Eustress (Positive Stress) - Stress that motivates and enhances performance."
"624","1",22,2,2,3,3,1,5,5,1,2,1,4,3,3,2,1,1,1,2,2,2,4,2,5,"Eustress (Positive Stress) - Stress that motivates and enhances performance."
"625","0",19,4,4,1,3,4,2,1,2,2,3,2,1,2,3,4,2,2,3,5,5,2,4,2,"Eustress (Positive Stress) - Stress that motivates and enhances performance."
"626","0",20,2,3,2,1,2,2,4,2,5,2,2,3,5,3,1,1,1,2,3,2,2,3,2,"Eustress (Positive Stress) - Stress that motivates and enhances performance."
"627","0",19,2,1,2,2,3,3,1,2,2,3,4,3,3,4,2,2,3,2,2,2,2,2,4,"Eustress (Positive Stress) - Stress that motivates and enhances performance."
"628","0",20,3,4,3,2,2,2,1,2,3,2,1,1,2,1,2,5,2,2,4,4,4,4,4,"Eustress (Positive Stress) - Stress that motivates and enhances performance."
"629","0",20,2,3,3,5,5,3,1,1,1,1,2,1,1,4,2,2,3,4,3,2,4,4,3,"Eustress (Positive Stress) - Stress that motivates and enhances performance."
"630","0",21,3,3,3,1,1,2,2,3,4,3,2,3,2,3,2,3,2,1,4,4,4,3,4,"Eustress (Positive Stress) - Stress that motivates and enhances performance."
"631","0",15,4,3,2,3,4,1,2,3,3,2,3,3,3,3,1,1,1,2,5,4,3,3,4,"Eustress (Positive Stress) - Stress that motivates and enhances performance."
"632","0",17,4,3,5,3,4,2,3,2,2,3,2,2,3,4,3,4,3,2,3,2,2,5,2,"Eustress (Positive Stress) - Stress that motivates and enhances performance."
"633","1",21,2,2,1,4,4,4,1,1,1,1,3,2,1,2,3,3,2,3,3,3,2,2,2,"Eustress (Positive Stress) - Stress that motivates and enhances performance."
"634","0",18,4,2,3,3,2,2,3,4,3,4,4,3,3,2,2,2,3,2,3,4,1,4,2,"Eustress (Positive Stress) - Stress that motivates and enhances performance."
"635","0",21,2,2,2,4,4,4,2,1,2,1,1,2,1,5,1,1,1,3,3,2,1,3,3,"Eustress (Positive Stress) - Stress that motivates and enhances performance."
"636","0",20,3,2,2,2,2,1,1,3,2,3,1,2,2,5,4,3,4,4,2,3,4,3,2,"Eustress (Positive Stress) - Stress that motivates and enhances performance."
"637","0",20,3,4,4,2,3,1,1,1,1,5,4,1,1,5,1,2,1,1,4,3,1,4,1,"Eustress (Positive Stress) - Stress that motivates and enhances performance."
"638","0",19,3,2,2,5,4,3,1,1,2,1,3,1,2,5,3,2,3,1,1,1,2,5,3,"Eustress (Positive Stress) - Stress that motivates and enhances performance."
"639","0",28,4,5,4,3,3,4,4,3,3,2,3,3,3,2,1,1,5,4,4,3,2,5,2,"Eustress (Positive Stress) - Stress that motivates and enhances performance."
"640","0",18,1,1,1,4,3,3,1,3,3,1,1,2,1,5,1,2,1,3,1,1,1,1,1,"No Stress - Currently experiencing minimal to no stress."
"641","0",19,1,2,1,4,4,2,4,3,2,3,1,2,2,3,4,1,1,3,2,2,2,4,1,"Eustress (Positive Stress) - Stress that motivates and enhances performance."
"642","0",19,4,2,2,5,4,3,4,3,2,2,4,1,1,1,2,3,2,4,1,1,1,1,1,"Eustress (Positive Stress) - Stress that motivates and enhances performance."
"643","0",19,3,4,3,3,2,1,1,1,2,5,1,1,1,1,2,1,1,5,1,5,3,5,3,"Eustress (Positive Stress) - Stress that motivates and enhances performance."
"644","0",20,3,2,2,3,2,4,3,3,2,4,4,4,2,2,3,4,2,3,2,3,5,3,4,"Eustress (Positive Stress) - Stress that motivates and enhances performance."
"645","1",20,2,2,1,3,4,4,1,3,3,2,1,1,1,1,2,3,3,2,3,3,3,5,3,"Eustress (Positive Stress) - Stress that motivates and enhances performance."
"646","1",18,3,3,4,3,2,1,2,5,4,3,1,2,2,3,2,1,2,3,5,5,4,4,3,"Eustress (Positive Stress) - Stress that motivates and enhances performance."
"647","0",20,4,4,4,4,4,2,2,3,2,3,4,2,5,2,2,3,5,3,4,2,2,3,3,"Eustress (Positive Stress) - Stress that motivates and enhances performance."
"648","0",21,2,3,1,5,4,2,1,3,2,3,1,2,2,3,4,3,3,4,2,2,2,3,2,"Eustress (Positive Stress) - Stress that motivates and enhances performance."
"649","0",18,5,5,5,4,3,3,5,3,3,3,1,2,3,2,1,1,2,1,5,5,5,4,5,"Eustress (Positive Stress) - Stress that motivates and enhances performance."
"650","1",19,2,1,1,3,4,2,1,2,1,2,1,1,1,1,2,1,1,4,1,1,1,3,1,"No Stress - Currently experiencing minimal to no stress."
"651","0",17,4,3,4,4,4,3,4,1,2,3,2,3,4,3,2,3,2,3,3,4,4,2,4,"Eustress (Positive Stress) - Stress that motivates and enhances performance."
"652","0",19,3,3,1,1,1,2,3,3,2,3,2,3,3,2,3,3,3,3,3,4,2,5,2,"Eustress (Positive Stress) - Stress that motivates and enhances performance."
"653","1",18,4,3,4,5,2,1,4,4,4,3,3,2,2,3,2,2,3,4,3,1,2,3,2,"Eustress (Positive Stress) - Stress that motivates and enhances performance."
"654","0",20,3,3,4,4,4,2,1,2,2,2,1,1,1,1,3,2,1,2,2,1,1,1,4,"Eustress (Positive Stress) - Stress that motivates and enhances performance."
"655","0",18,5,5,5,4,5,4,4,4,4,4,3,4,3,4,4,3,3,2,5,5,5,3,5,"Distress (Negative Stress) - Stress that causes anxiety and impairs well-being."
"656","1",18,2,3,1,2,1,4,2,4,3,1,2,3,1,4,1,1,1,1,3,2,2,2,4,"Eustress (Positive Stress) - Stress that motivates and enhances performance."
"657","0",20,4,3,5,4,5,5,3,4,4,4,4,2,2,2,2,3,4,3,3,4,4,3,3,"Eustress (Positive Stress) - Stress that motivates and enhances performance."
"658","0",19,2,3,2,1,5,2,3,2,1,2,2,2,2,1,4,3,1,1,3,3,3,3,3,"Eustress (Positive Stress) - Stress that motivates and enhances performance."
"659","1",20,3,2,3,4,4,4,4,5,4,5,5,1,1,3,1,1,2,3,4,3,3,3,2,"Eustress (Positive Stress) - Stress that motivates and enhances performance."
"660","0",19,3,2,1,1,1,2,1,2,4,1,1,5,5,2,4,3,2,3,5,2,4,4,2,"Eustress (Positive Stress) - Stress that motivates and enhances performance."
"661","1",19,2,1,3,2,2,3,3,4,3,2,2,1,1,1,1,1,1,4,3,2,3,1,2,"Eustress (Positive Stress) - Stress that motivates and enhances performance."
"662","1",20,2,2,5,3,2,3,1,1,3,2,2,2,1,1,2,2,2,1,3,1,1,2,3,"Eustress (Positive Stress) - Stress that motivates and enhances performance."
"663","0",18,3,2,2,4,4,4,2,3,2,4,2,1,1,2,1,1,1,3,3,1,3,3,3,"Eustress (Positive Stress) - Stress that motivates and enhances performance."
"664","0",18,2,1,5,3,1,3,1,1,1,5,3,1,1,1,1,5,3,1,3,2,1,1,3,"Eustress (Positive Stress) - Stress that motivates and enhances performance."
"665","0",21,2,2,5,5,5,5,1,4,2,3,1,1,1,1,2,3,5,2,2,1,1,3,2,"Eustress (Positive Stress) - Stress that motivates and enhances performance."
"666","0",18,3,4,5,1,2,1,4,3,3,2,1,1,1,2,3,3,3,4,3,3,3,2,2,"Eustress (Positive Stress) - Stress that motivates and enhances performance."
"667","0",24,2,3,1,2,2,3,2,1,2,3,4,2,2,5,5,5,4,5,5,4,5,5,5,"Eustress (Positive Stress) - Stress that motivates and enhances performance."
"668","0",21,3,4,4,2,5,2,2,3,5,3,1,1,1,3,4,2,2,3,4,2,2,1,3,"Eustress (Positive Stress) - Stress that motivates and enhances performance."
"669","0",21,1,2,1,2,2,3,4,3,3,4,2,2,3,2,2,2,2,1,3,2,2,2,2,"Eustress (Positive Stress) - Stress that motivates and enhances performance."
"670","1",19,4,2,1,2,3,2,1,1,2,1,2,5,2,5,5,5,5,5,5,3,5,4,2,"Eustress (Positive Stress) - Stress that motivates and enhances performance."
"671","1",18,3,2,1,1,1,1,2,1,1,4,2,2,3,1,3,3,1,3,5,1,1,1,1,"No Stress - Currently experiencing minimal to no stress."
"672","0",20,2,2,2,3,4,3,2,3,2,3,2,3,2,4,3,2,3,4,5,3,3,4,1,"Eustress (Positive Stress) - Stress that motivates and enhances performance."
"673","0",20,3,4,2,3,3,2,3,3,3,3,1,1,1,4,3,2,2,1,5,3,2,2,2,"Eustress (Positive Stress) - Stress that motivates and enhances performance."
"674","0",20,2,3,3,2,2,3,2,2,3,4,3,4,3,1,1,2,5,5,5,1,4,2,2,"Eustress (Positive Stress) - Stress that motivates and enhances performance."
"675","1",19,1,1,1,1,1,1,3,2,1,2,3,3,2,3,3,2,4,2,2,1,1,1,2,"No Stress - Currently experiencing minimal to no stress."
"676","0",19,2,1,3,4,3,4,4,3,3,2,2,2,3,1,3,3,2,4,4,1,1,4,4,"Eustress (Positive Stress) - Stress that motivates and enhances performance."
"677","0",17,3,2,2,1,2,1,1,2,1,5,1,1,1,2,5,4,3,1,4,1,2,4,3,"Eustress (Positive Stress) - Stress that motivates and enhances performance."
"678","1",17,3,3,1,3,2,3,1,2,2,5,4,3,4,2,3,2,3,5,5,1,2,3,1,"Eustress (Positive Stress) - Stress that motivates and enhances performance."
"679","0",18,3,3,1,1,1,5,4,1,1,5,1,2,1,2,1,2,1,1,2,1,3,5,1,"Eustress (Positive Stress) - Stress that motivates and enhances performance."
"680","0",20,3,3,1,1,2,1,3,1,2,5,3,2,3,3,4,2,1,2,3,4,5,4,1,"Eustress (Positive Stress) - Stress that motivates and enhances performance."
"681","0",18,3,3,4,3,3,2,3,3,3,2,1,1,5,3,2,2,3,1,3,1,1,5,3,"Eustress (Positive Stress) - Stress that motivates and enhances performance."
"682","0",18,4,2,1,3,3,1,1,2,1,5,1,2,1,4,1,2,3,4,4,1,1,5,2,"Eustress (Positive Stress) - Stress that motivates and enhances performance."
"683","0",19,3,2,4,3,2,3,1,2,2,3,4,1,1,3,3,3,4,2,1,5,5,4,4,"Eustress (Positive Stress) - Stress that motivates and enhances performance."
"684","0",18,3,3,4,3,2,2,4,1,1,1,2,3,2,3,5,3,4,3,4,2,2,4,3,"Eustress (Positive Stress) - Stress that motivates and enhances performance."
"685","0",20,3,3,1,1,2,5,1,1,1,1,2,1,1,4,2,4,3,3,2,2,3,2,1,"Eustress (Positive Stress) - Stress that motivates and enhances performance."
"686","0",20,2,3,3,3,2,4,4,4,2,2,3,4,2,3,3,3,3,3,3,1,2,4,2,"Eustress (Positive Stress) - Stress that motivates and enhances performance."
"687","1",20,3,3,1,3,3,2,1,1,1,1,2,3,3,2,3,1,1,1,5,2,1,4,2,"Eustress (Positive Stress) - Stress that motivates and enhances performance."
"688","1",19,2,3,2,5,4,3,1,2,2,3,2,1,2,1,3,1,3,2,2,5,4,5,3,"Eustress (Positive Stress) - Stress that motivates and enhances performance."
"689","0",19,2,3,2,3,2,3,4,2,5,2,2,3,5,3,3,3,3,3,4,3,3,4,3,"Eustress (Positive Stress) - Stress that motivates and enhances performance."
"690","0",20,2,2,1,3,2,3,1,2,2,3,4,3,3,3,2,2,4,1,1,1,3,4,2,"Eustress (Positive Stress) - Stress that motivates and enhances performance."
"691","0",20,5,2,5,3,3,3,1,2,3,2,1,1,2,1,2,5,1,1,1,1,5,1,3,"Eustress (Positive Stress) - Stress that motivates and enhances performance."
"692","1",19,2,3,1,2,1,2,1,1,1,1,2,1,1,3,2,4,4,4,2,2,1,2,1,"No Stress - Currently experiencing minimal to no stress."
"693","0",19,1,1,4,1,2,3,2,3,4,3,2,3,2,3,3,2,1,1,1,1,1,1,1,"Eustress (Positive Stress) - Stress that motivates and enhances performance."
"694","0",19,3,4,3,3,2,3,2,3,3,2,3,3,3,5,4,3,1,2,2,3,2,4,4,"Eustress (Positive Stress) - Stress that motivates and enhances performance."
"695","1",20,3,2,4,4,4,3,3,2,2,3,2,2,3,3,2,3,4,2,5,2,3,2,1,"Eustress (Positive Stress) - Stress that motivates and enhances performance."
"696","0",21,4,2,1,2,2,2,1,1,1,1,3,2,1,3,2,3,1,2,2,3,2,2,2,"No Stress - Currently experiencing minimal to no stress."
"697","0",19,3,2,4,4,4,4,3,4,3,4,4,3,3,3,3,3,1,2,3,2,3,2,2,"Eustress (Positive Stress) - Stress that motivates and enhances performance."
"698","1",24,3,2,2,4,3,1,2,1,4,1,2,3,4,4,1,1,5,1,1,1,2,4,2,"Eustress (Positive Stress) - Stress that motivates and enhances performance."
"699","1",20,3,2,3,4,4,4,1,1,3,3,3,4,2,1,5,5,4,3,4,3,3,3,1,"Eustress (Positive Stress) - Stress that motivates and enhances performance."
"700","0",19,2,3,3,2,1,2,3,2,3,5,3,4,3,4,2,2,4,3,3,2,2,4,2,"Eustress (Positive Stress) - Stress that motivates and enhances performance."
"701","0",19,4,3,4,5,4,2,1,1,4,2,4,3,3,2,2,3,2,2,2,3,3,4,4,"Eustress (Positive Stress) - Stress that motivates and enhances performance."
"702","1",19,2,2,1,2,4,3,4,2,3,3,3,3,3,3,1,2,4,1,1,1,1,3,3,"Eustress (Positive Stress) - Stress that motivates and enhances performance."
"703","0",20,2,2,3,4,3,2,3,3,2,3,1,1,1,5,2,1,4,1,3,4,3,3,3,"Eustress (Positive Stress) - Stress that motivates and enhances performance."
"704","0",19,4,3,4,1,4,2,1,2,1,3,1,3,2,2,5,4,5,1,1,4,1,2,3,"Eustress (Positive Stress) - Stress that motivates and enhances performance."
"705","0",18,3,4,2,1,1,2,3,5,3,3,3,3,3,4,3,3,4,4,5,5,3,4,1,"Eustress (Positive Stress) - Stress that motivates and enhances performance."
"706","1",19,4,3,3,5,2,4,3,3,3,2,2,4,1,1,1,3,4,3,5,3,1,3,2,"Eustress (Positive Stress) - Stress that motivates and enhances performance."
"707","0",19,2,2,5,5,5,1,1,2,1,2,5,1,1,1,1,5,1,4,1,2,4,3,3,"Eustress (Positive Stress) - Stress that motivates and enhances performance."
"708","0",19,3,3,5,1,1,2,1,1,3,2,4,4,4,2,2,1,2,4,2,5,2,4,1,"Eustress (Positive Stress) - Stress that motivates and enhances performance."
"709","0",19,1,2,5,3,2,2,3,2,3,3,2,1,1,1,1,1,1,3,3,3,3,4,3,"Eustress (Positive Stress) - Stress that motivates and enhances performance."
"710","0",19,2,2,3,2,3,3,3,3,5,4,3,1,2,2,3,2,4,2,5,4,1,3,2,"Eustress (Positive Stress) - Stress that motivates and enhances performance."
"711","1",20,4,2,3,5,5,2,2,3,3,2,3,4,2,5,2,3,2,2,2,3,5,3,3,"Eustress (Positive Stress) - Stress that motivates and enhances performance."
"712","0",20,3,2,2,2,1,3,2,1,3,2,3,1,2,2,3,2,2,1,1,5,4,4,2,"Eustress (Positive Stress) - Stress that motivates and enhances performance."
"713","0",20,1,1,2,1,2,4,3,3,3,3,3,1,2,3,2,3,2,1,1,1,4,4,3,"Eustress (Positive Stress) - Stress that motivates and enhances performance."
"714","1",19,3,4,3,5,4,1,1,1,2,1,2,1,1,1,1,2,4,4,3,3,3,3,1,"Eustress (Positive Stress) - Stress that motivates and enhances performance."
"715","1",19,1,2,3,2,1,2,3,4,1,2,3,2,3,4,3,3,3,1,1,3,4,3,3,"Eustress (Positive Stress) - Stress that motivates and enhances performance."
"716","0",20,3,3,2,3,4,4,3,1,3,2,3,2,3,3,2,2,4,2,3,4,4,4,1,"Eustress (Positive Stress) - Stress that motivates and enhances performance."
"717","0",20,4,3,2,1,1,1,1,2,4,4,3,3,2,2,3,3,4,2,3,5,1,3,1,"Eustress (Positive Stress) - Stress that motivates and enhances performance."
"718","1",20,2,2,1,3,2,4,3,2,2,2,2,1,1,1,1,1,3,1,4,3,4,1,3,"Eustress (Positive Stress) - Stress that motivates and enhances performance."
"719","0",20,5,2,2,3,2,1,1,1,1,2,3,1,1,3,4,3,3,2,1,3,4,4,2,"Eustress (Positive Stress) - Stress that motivates and enhances performance."
"720","1",21,4,3,2,1,1,2,2,2,2,1,5,1,1,1,4,1,2,1,3,3,4,2,1,"Eustress (Positive Stress) - Stress that motivates and enhances performance."
"721","1",19,2,2,1,3,2,1,1,1,1,1,1,5,4,5,5,3,4,3,1,3,3,3,3,"Eustress (Positive Stress) - Stress that motivates and enhances performance."
"722","1",20,3,2,2,2,2,1,5,3,3,3,3,2,3,5,3,1,3,5,2,2,3,2,1,"Eustress (Positive Stress) - Stress that motivates and enhances performance."
"723","1",21,3,3,4,3,2,2,3,5,2,1,3,2,4,1,2,4,3,3,4,3,4,5,3,"Eustress (Positive Stress) - Stress that motivates and enhances performance."
"724","0",19,3,2,3,2,3,3,4,5,3,2,3,1,2,1,5,5,5,4,5,5,4,4,1,"Eustress (Positive Stress) - Stress that motivates and enhances performance."
"725","0",22,2,3,4,2,2,4,4,2,4,4,4,2,3,4,3,4,2,2,3,4,1,5,4,"Eustress (Positive Stress) - Stress that motivates and enhances performance."
"726","0",21,1,1,2,1,2,1,4,5,3,1,3,1,2,3,2,2,2,2,1,3,5,3,1,"Eustress (Positive Stress) - Stress that motivates and enhances performance."
"727","0",22,4,4,2,1,5,5,5,5,5,5,5,1,5,5,5,5,5,5,5,5,5,4,2,"Distress (Negative Stress) - Stress that causes anxiety and impairs well-being."
"728","0",20,1,3,2,1,3,1,5,5,1,2,1,4,3,3,1,3,3,1,3,5,4,2,3,"Eustress (Positive Stress) - Stress that motivates and enhances performance."
"729","0",22,4,2,2,3,2,1,3,5,3,3,1,4,4,2,4,3,2,3,4,5,4,2,3,"Eustress (Positive Stress) - Stress that motivates and enhances performance."
"730","0",22,4,3,4,1,1,1,3,1,4,1,2,5,4,3,4,3,2,2,1,5,1,1,4,"Eustress (Positive Stress) - Stress that motivates and enhances performance."
"731","1",19,3,2,3,5,5,4,5,4,3,4,3,3,2,1,1,1,2,5,5,5,3,4,4,"Eustress (Positive Stress) - Stress that motivates and enhances performance."
"732","1",19,1,1,1,1,1,1,3,2,3,1,2,3,2,4,3,3,2,4,2,2,3,4,4,"Eustress (Positive Stress) - Stress that motivates and enhances performance."
"733","0",19,1,2,1,1,4,5,4,4,5,1,1,3,4,4,1,3,3,2,4,4,4,5,2,"Eustress (Positive Stress) - Stress that motivates and enhances performance."
"734","0",19,2,3,2,2,2,1,3,1,3,1,4,3,2,1,2,5,4,3,1,4,4,2,2,"Eustress (Positive Stress) - Stress that motivates and enhances performance."
"735","0",19,2,3,3,5,5,5,5,5,5,5,4,4,4,2,2,3,2,3,5,5,5,3,1,"Distress (Negative Stress) - Stress that causes anxiety and impairs well-being."
"736","1",20,2,3,3,1,1,2,1,2,1,2,3,1,1,1,2,1,2,1,1,2,4,4,2,"No Stress - Currently experiencing minimal to no stress."
"737","0",19,3,3,3,5,5,5,3,5,2,5,4,3,3,1,3,4,2,1,2,3,4,4,2,"Eustress (Positive Stress) - Stress that motivates and enhances performance."
"738","0",19,2,3,3,2,2,3,5,2,1,2,5,2,5,1,3,2,2,3,1,3,3,3,2,"Eustress (Positive Stress) - Stress that motivates and enhances performance."
"739","1",19,4,4,2,2,3,2,4,3,2,3,4,4,4,3,4,1,2,3,4,4,3,2,3,"Eustress (Positive Stress) - Stress that motivates and enhances performance."
"740","0",20,3,3,2,3,1,2,3,1,1,3,2,1,3,2,3,3,3,4,2,1,3,4,2,"Eustress (Positive Stress) - Stress that motivates and enhances performance."
"741","0",21,3,3,3,3,4,5,5,5,4,5,5,4,5,3,3,5,3,4,3,4,4,3,1,"Distress (Negative Stress) - Stress that causes anxiety and impairs well-being."
"742","1",19,2,3,3,1,2,2,4,3,1,2,1,4,1,2,3,4,4,1,1,5,4,4,1,"Eustress (Positive Stress) - Stress that motivates and enhances performance."
"743","1",19,3,2,3,4,3,3,3,3,4,1,1,3,3,3,4,2,1,5,5,4,3,3,2,"Eustress (Positive Stress) - Stress that motivates and enhances performance."
"744","0",21,3,3,3,1,1,1,2,1,2,3,2,3,5,3,4,3,4,2,2,4,4,4,2,"Eustress (Positive Stress) - Stress that motivates and enhances performance."
"745","0",20,3,2,3,1,1,4,2,2,2,1,1,4,2,4,3,3,2,2,3,2,2,2,1,"Eustress (Positive Stress) - Stress that motivates and enhances performance."
"746","1",19,3,2,3,2,2,2,4,4,3,4,2,3,3,3,3,3,3,1,2,4,4,2,1,"Eustress (Positive Stress) - Stress that motivates and enhances performance."
"747","0",21,4,1,1,5,5,1,5,5,2,3,3,2,3,1,1,1,5,2,1,4,4,3,3,"Eustress (Positive Stress) - Stress that motivates and enhances performance."
"748","0",19,1,3,1,5,1,1,3,1,2,1,2,1,3,1,3,2,2,5,4,5,2,3,2,"Eustress (Positive Stress) - Stress that motivates and enhances performance."
"749","0",17,1,1,2,5,3,3,2,1,2,3,5,3,3,3,3,3,4,3,3,4,2,5,3,"Eustress (Positive Stress) - Stress that motivates and enhances performance."
"750","1",100,5,5,1,2,1,3,3,2,4,3,3,3,2,2,4,1,1,1,3,4,5,1,5,"Eustress (Positive Stress) - Stress that motivates and enhances performance."
"751","0",18,2,1,3,4,1,5,4,4,1,1,2,1,2,5,1,1,1,1,5,1,2,5,3,"Eustress (Positive Stress) - Stress that motivates and enhances performance."
"752","0",19,1,2,3,2,3,1,5,1,2,1,1,3,2,4,4,4,2,2,1,2,2,3,2,"Eustress (Positive Stress) - Stress that motivates and enhances performance."
"753","0",18,2,2,3,2,1,2,1,2,2,3,2,3,3,2,1,1,1,1,1,1,3,5,5,"Eustress (Positive Stress) - Stress that motivates and enhances performance."
"754","0",19,2,1,2,3,2,3,4,5,3,3,3,5,4,3,1,2,2,3,2,4,3,3,4,"Eustress (Positive Stress) - Stress that motivates and enhances performance."
"755","1",18,2,3,2,5,2,4,1,2,2,2,3,3,2,3,4,2,5,2,3,2,2,4,4,"Eustress (Positive Stress) - Stress that motivates and enhances performance."
"756","0",18,2,1,4,3,3,3,3,3,3,2,1,3,2,3,1,2,2,3,2,2,3,5,2,"Eustress (Positive Stress) - Stress that motivates and enhances performance."
"757","0",17,2,3,2,3,1,3,4,4,4,3,3,3,3,3,1,2,3,2,3,2,4,4,4,"Eustress (Positive Stress) - Stress that motivates and enhances performance."
"758","1",18,5,1,2,1,1,1,1,1,1,1,1,2,1,2,1,1,1,1,2,4,3,4,4,"No Stress - Currently experiencing minimal to no stress."
"759","1",17,2,1,3,5,5,5,5,5,2,3,4,1,2,3,2,3,4,3,3,3,2,4,3,"Eustress (Positive Stress) - Stress that motivates and enhances performance."
"760","0",18,1,1,4,2,2,2,1,2,4,3,1,3,2,3,2,3,3,2,2,4,4,4,1,"Eustress (Positive Stress) - Stress that motivates and enhances performance."
"761","0",18,1,5,1,2,5,2,2,2,1,1,2,4,4,3,3,2,2,3,3,4,2,4,2,"Eustress (Positive Stress) - Stress that motivates and enhances performance."
"762","1",19,1,2,1,2,1,2,5,3,4,3,2,2,2,2,1,1,1,1,1,3,5,5,3,"Eustress (Positive Stress) - Stress that motivates and enhances performance."
"763","0",19,5,3,3,2,2,2,3,4,1,1,1,1,2,3,1,1,3,4,3,3,5,5,5,"Eustress (Positive Stress) - Stress that motivates and enhances performance."
"764","1",19,2,1,3,2,2,3,3,1,2,2,2,2,1,5,1,1,1,4,1,2,2,4,2,"Eustress (Positive Stress) - Stress that motivates and enhances performance."
"765","1",18,1,3,4,3,3,2,2,1,1,1,1,1,1,1,5,4,5,5,3,4,1,4,3,"Eustress (Positive Stress) - Stress that motivates and enhances performance."
"766","1",19,5,3,1,3,2,3,2,1,1,5,3,3,3,3,2,3,5,3,1,3,3,3,4,"Eustress (Positive Stress) - Stress that motivates and enhances performance."
"767","1",19,2,1,4,5,2,5,3,1,2,3,5,2,1,3,2,4,1,2,4,3,2,4,2,"Eustress (Positive Stress) - Stress that motivates and enhances performance."
"768","0",18,3,3,1,4,4,4,3,5,4,3,3,4,3,1,3,5,5,3,3,3,5,4,4,"Eustress (Positive Stress) - Stress that motivates and enhances performance."
"769","1",17,1,2,4,4,3,2,3,3,4,4,2,3,2,4,3,3,2,5,3,1,1,1,1,"Eustress (Positive Stress) - Stress that motivates and enhances performance."
"770","0",19,4,3,2,2,3,3,3,3,3,3,2,2,2,2,2,2,2,3,4,2,4,4,2,"Eustress (Positive Stress) - Stress that motivates and enhances performance."
"771","0",18,4,2,2,3,3,4,1,4,4,4,3,3,3,2,3,4,4,5,4,3,4,4,3,"Eustress (Positive Stress) - Stress that motivates and enhances performance."
"772","1",19,2,2,2,2,3,3,1,2,3,3,1,3,2,2,1,3,2,4,1,3,2,4,1,"Eustress (Positive Stress) - Stress that motivates and enhances performance."
"773","1",21,4,1,4,4,3,5,3,4,5,4,2,3,3,3,3,4,4,3,5,3,3,3,4,"Eustress (Positive Stress) - Stress that motivates and enhances performance."
"774","0",20,4,1,3,4,4,4,2,2,2,4,1,1,1,1,3,5,4,5,5,5,5,3,2,"Eustress (Positive Stress) - Stress that motivates and enhances performance."
"775","0",20,5,1,3,4,3,2,4,4,1,1,1,4,2,5,4,3,2,5,4,4,3,4,3,"Eustress (Positive Stress) - Stress that motivates and enhances performance."
"776","1",21,4,3,2,1,2,3,5,5,5,4,5,5,4,5,3,3,5,3,4,5,5,4,3,"Distress (Negative Stress) - Stress that causes anxiety and impairs well-being."
"777","0",20,2,1,5,1,5,4,2,4,3,1,2,1,4,1,2,3,4,4,1,3,4,1,2,"Eustress (Positive Stress) - Stress that motivates and enhances performance."
"778","1",20,4,5,2,1,2,3,3,3,3,4,1,1,3,3,3,4,2,1,5,1,3,5,4,"Eustress (Positive Stress) - Stress that motivates and enhances performance."
"779","1",20,5,1,3,2,2,3,1,2,1,2,3,2,3,5,3,4,3,4,2,5,5,5,1,"Eustress (Positive Stress) - Stress that motivates and enhances performance."
"780","1",21,5,1,3,4,4,4,4,2,2,2,1,1,4,2,4,3,3,2,2,3,5,4,1,"Eustress (Positive Stress) - Stress that motivates and enhances performance."
"781","1",20,5,2,2,1,1,4,2,4,4,3,4,2,3,3,3,3,3,3,1,4,5,4,3,"Eustress (Positive Stress) - Stress that motivates and enhances performance."
"782","0",21,2,5,3,4,4,4,1,5,5,2,3,3,2,3,1,1,1,5,2,1,5,1,1,"Eustress (Positive Stress) - Stress that motivates and enhances performance."
"783","1",19,4,1,2,1,1,1,1,3,1,2,1,2,1,3,1,3,2,2,5,5,5,3,5,"Eustress (Positive Stress) - Stress that motivates and enhances performance."
"784","0",21,2,5,2,2,1,1,3,2,1,2,3,5,3,3,3,3,3,4,3,2,2,3,2,"Eustress (Positive Stress) - Stress that motivates and enhances performance."
"785","0",20,4,2,5,3,5,1,3,3,2,4,3,3,3,2,2,4,1,1,1,4,4,4,3,"Eustress (Positive Stress) - Stress that motivates and enhances performance."
"786","1",20,4,2,3,2,2,4,5,4,4,1,1,2,1,2,5,1,1,1,1,1,4,4,2,"Eustress (Positive Stress) - Stress that motivates and enhances performance."
"787","1",21,5,3,3,1,4,2,1,5,1,2,1,1,3,2,4,4,4,2,2,5,5,5,5,"Eustress (Positive Stress) - Stress that motivates and enhances performance."
"788","0",21,3,3,2,2,3,2,2,1,2,2,3,2,3,3,2,1,1,1,1,1,2,4,3,"Eustress (Positive Stress) - Stress that motivates and enhances performance."
"789","0",21,5,1,2,3,3,4,3,4,5,3,3,3,5,4,3,1,2,2,3,2,3,4,3,"Eustress (Positive Stress) - Stress that motivates and enhances performance."
"790","1",22,2,4,3,3,4,1,4,1,2,2,2,3,3,2,3,4,2,5,2,1,3,3,3,"Eustress (Positive Stress) - Stress that motivates and enhances performance."
"791","0",20,4,1,1,3,2,3,3,3,3,3,2,1,3,2,3,1,2,2,3,4,4,3,4,"Eustress (Positive Stress) - Stress that motivates and enhances performance."
"792","0",22,2,1,1,3,2,1,3,5,5,5,4,5,5,4,5,3,3,5,3,4,1,3,2,"Eustress (Positive Stress) - Stress that motivates and enhances performance."
"793","0",20,4,2,2,2,3,2,1,2,4,3,1,2,1,4,1,2,3,4,4,1,4,4,3,"Eustress (Positive Stress) - Stress that motivates and enhances performance."
"794","1",20,3,2,2,2,5,2,5,3,3,3,4,1,1,3,3,3,4,2,1,5,2,4,2,"Eustress (Positive Stress) - Stress that motivates and enhances performance."
"795","0",20,2,3,3,4,3,3,2,1,2,1,2,3,2,3,5,3,4,3,4,2,3,3,3,"Eustress (Positive Stress) - Stress that motivates and enhances performance."
"796","0",21,1,1,2,2,3,1,2,4,2,2,2,1,1,4,2,4,3,3,2,2,5,4,1,"Eustress (Positive Stress) - Stress that motivates and enhances performance."
"797","0",21,3,2,3,2,1,1,2,2,4,4,3,4,2,3,3,3,3,3,3,1,2,2,1,"Eustress (Positive Stress) - Stress that motivates and enhances performance."
"798","0",20,4,4,5,3,5,5,2,1,5,5,2,3,3,2,3,1,1,1,5,2,4,4,4,"Eustress (Positive Stress) - Stress that motivates and enhances performance."
"799","1",20,3,4,2,4,2,2,3,1,3,1,2,1,2,1,3,1,3,2,2,5,3,1,2,"Eustress (Positive Stress) - Stress that motivates and enhances performance."
"800","0",20,2,3,1,1,2,5,2,3,2,1,2,3,5,3,3,3,3,3,4,3,1,4,2,"Eustress (Positive Stress) - Stress that motivates and enhances performance."
"801","0",20,5,4,3,1,2,1,3,3,3,2,4,3,3,3,2,2,4,1,1,1,1,2,1,"Eustress (Positive Stress) - Stress that motivates and enhances performance."
"802","1",20,3,4,3,3,2,2,5,5,4,4,1,1,2,1,2,5,1,1,1,1,1,5,3,"Eustress (Positive Stress) - Stress that motivates and enhances performance."
"803","1",20,3,3,3,3,2,2,4,1,5,1,2,1,1,3,2,4,4,4,2,2,3,3,2,"Eustress (Positive Stress) - Stress that motivates and enhances performance."
"804","0",20,3,4,2,4,3,3,2,2,1,2,2,3,2,3,3,2,1,1,1,1,3,4,4,"Eustress (Positive Stress) - Stress that motivates and enhances performance."
"805","0",20,2,2,1,1,3,2,3,3,4,5,3,3,3,5,4,3,1,2,2,3,2,5,2,"Eustress (Positive Stress) - Stress that motivates and enhances performance."
"806","1",20,5,5,5,4,5,2,5,4,1,2,2,2,3,3,2,3,4,2,5,2,5,5,5,"Distress (Negative Stress) - Stress that causes anxiety and impairs well-being."
"807","0",20,3,2,2,1,4,4,4,3,3,3,3,2,1,3,2,3,1,2,2,3,2,1,1,"Eustress (Positive Stress) - Stress that motivates and enhances performance."
"808","1",21,3,4,1,4,4,3,2,3,4,4,4,3,3,3,3,3,1,2,3,2,3,1,2,"Eustress (Positive Stress) - Stress that motivates and enhances performance."
"809","1",19,2,1,1,2,2,3,3,1,1,1,1,1,1,2,1,2,1,1,1,1,3,5,1,"No Stress - Currently experiencing minimal to no stress."
"810","1",20,5,3,2,2,3,3,4,5,5,5,2,3,4,1,2,3,2,3,4,3,3,3,1,"Eustress (Positive Stress) - Stress that motivates and enhances performance."
"811","1",20,3,4,2,2,2,3,3,2,1,2,4,3,1,3,2,3,2,3,3,2,2,2,2,"Eustress (Positive Stress) - Stress that motivates and enhances performance."
"812","0",18,3,2,2,4,4,3,5,2,2,2,1,1,2,4,4,3,3,2,2,3,2,1,2,"Eustress (Positive Stress) - Stress that motivates and enhances performance."
"813","0",20,5,2,3,3,4,4,4,2,5,3,4,3,2,2,2,2,1,1,1,1,2,2,1,"Eustress (Positive Stress) - Stress that motivates and enhances performance."
"814","0",19,4,4,4,3,4,3,2,2,3,4,1,1,1,1,2,3,1,1,3,4,3,5,3,"Eustress (Positive Stress) - Stress that motivates and enhances performance."
"815","1",18,3,2,4,2,1,2,3,3,3,1,2,2,2,2,1,5,1,1,1,4,3,4,3,"Eustress (Positive Stress) - Stress that motivates and enhances performance."
"816","1",19,4,5,3,5,1,5,4,2,2,1,1,1,1,1,1,1,5,4,5,5,2,4,3,"Eustress (Positive Stress) - Stress that motivates and enhances performance."
"817","1",18,1,1,1,2,1,2,3,3,2,1,1,5,3,3,3,3,2,3,5,3,1,5,2,"Eustress (Positive Stress) - Stress that motivates and enhances performance."
"818","1",19,3,4,3,3,2,2,3,5,3,1,2,3,5,2,1,3,2,4,1,2,2,3,1,"Eustress (Positive Stress) - Stress that motivates and enhances performance."
"819","0",18,3,4,2,3,4,4,4,4,3,5,4,3,3,4,3,1,3,5,5,3,3,2,1,"Eustress (Positive Stress) - Stress that motivates and enhances performance."
"820","0",20,1,2,1,2,1,1,4,2,3,3,4,4,2,3,2,4,3,3,2,5,2,3,2,"Eustress (Positive Stress) - Stress that motivates and enhances performance."
"821","0",19,2,3,2,3,4,4,4,2,4,4,3,1,5,5,5,2,4,3,4,3,5,3,1,"Eustress (Positive Stress) - Stress that motivates and enhances performance."
"822","0",19,2,2,3,2,1,1,1,1,1,1,1,1,1,1,1,1,1,1,1,3,3,4,3,"No Stress - Currently experiencing minimal to no stress."
"823","0",18,5,5,1,2,2,1,1,1,1,1,1,2,1,1,1,1,2,2,3,1,2,1,2,"No Stress - Currently experiencing minimal to no stress."
"824","0",19,1,1,1,5,3,5,1,1,1,1,1,5,1,3,1,2,1,1,2,1,1,4,2,"No Stress - Currently experiencing minimal to no stress."
"825","0",19,3,4,2,3,2,2,4,3,5,3,2,1,2,4,2,1,1,5,4,3,2,3,3,"Eustress (Positive Stress) - Stress that motivates and enhances performance."
"826","1",19,3,4,3,3,1,4,2,1,3,5,4,2,5,4,3,1,2,3,2,3,3,3,3,"Eustress (Positive Stress) - Stress that motivates and enhances performance."
"827","1",21,4,4,2,2,2,3,2,2,1,1,1,1,2,2,1,2,3,3,3,2,3,4,2,"Eustress (Positive Stress) - Stress that motivates and enhances performance."
"828","1",19,3,2,1,2,3,3,4,1,2,3,2,5,1,2,1,5,5,5,1,2,1,2,2,"Eustress (Positive Stress) - Stress that motivates and enhances performance."
"829","1",19,4,4,3,1,4,5,2,5,3,1,3,1,2,1,1,4,1,2,2,3,3,2,1,"Eustress (Positive Stress) - Stress that motivates and enhances performance."
"830","1",14,2,2,1,1,1,4,4,4,3,5,4,3,3,4,3,1,3,5,5,2,1,5,1,"Eustress (Positive Stress) - Stress that motivates and enhances performance."
"831","0",19,2,3,3,2,4,4,3,2,3,3,4,4,2,3,2,4,3,3,2,2,2,5,2,"Eustress (Positive Stress) - Stress that motivates and enhances performance."
"832","0",19,5,4,4,3,2,2,3,3,3,3,3,3,2,2,2,2,2,2,2,1,1,5,3,"Eustress (Positive Stress) - Stress that motivates and enhances performance."
"833","0",17,3,3,4,3,2,3,3,4,1,4,4,4,3,3,3,2,3,4,4,1,2,5,2,"Eustress (Positive Stress) - Stress that motivates and enhances performance."
"834","0",20,4,3,3,4,2,2,3,3,1,2,3,3,1,3,2,2,1,3,2,3,3,2,3,"Eustress (Positive Stress) - Stress that motivates and enhances performance."
"835","0",21,4,4,4,4,4,4,3,5,3,4,5,4,2,3,3,3,3,4,4,2,1,5,2,"Eustress (Positive Stress) - Stress that motivates and enhances performance."
"836","0",19,5,4,4,5,3,4,4,4,2,2,2,4,1,1,1,1,3,5,4,3,3,2,3,"Eustress (Positive Stress) - Stress that motivates and enhances performance."
"837","1",36,3,2,2,3,3,4,3,2,4,4,1,1,1,4,2,5,4,3,2,1,1,3,3,"Eustress (Positive Stress) - Stress that motivates and enhances performance."
"838","0",21,3,2,1,3,2,1,2,3,1,3,1,2,2,1,2,2,1,3,3,2,3,2,4,"Eustress (Positive Stress) - Stress that motivates and enhances performance."
"839","0",21,3,4,2,3,5,1,5,4,1,3,4,2,1,5,2,3,3,3,4,1,2,2,2,"Eustress (Positive Stress) - Stress that motivates and enhances performance."
"840","1",19,3,2,1,2,2,1,2,3,1,2,2,4,1,1,1,1,1,3,2,1,2,3,1,"No Stress - Currently experiencing minimal to no stress."
"841","1",19,4,4,3,4,3,2,2,3,1,2,3,2,3,1,2,2,2,2,3,1,4,5,3,"Eustress (Positive Stress) - Stress that motivates and enhances performance."
"842","0",20,5,4,3,4,3,4,4,4,2,3,4,3,2,1,2,2,1,4,3,5,4,5,1,"Eustress (Positive Stress) - Stress that motivates and enhances performance."
"843","0",19,4,3,1,3,2,1,1,4,2,4,3,1,1,3,1,1,3,1,1,2,2,5,4,"Eustress (Positive Stress) - Stress that motivates and enhances performance."
